PartyId,CollisionId,PartyNumber,PartyType,IsAtFault,IsOnDutyEmergencyVehicle,IsHitAndRun,AirbagCode,AirbagDescription,SafetyEquipmentCode,SafetyEquipmentDescription,Special Information,Other Associate Factor,Inattention,DirectionOfTravel,StreetOrHighwayName,SpeedLimit,MovementPrecCollCode,MovementPrecCollDescription,SobrietyDrugPhysicalCode1,SobrietyDrugPhysicalDescription1,SobrietyDrugPhysicalCode2,SobrietyDrugPhysicalDescription2,GenderCode,GenderDescription,StatedAge,DriverLicenseClass,DriverLicenseStateCode,RaceCode,RaceDesc,Vehicle1TypeId, Vehicle1TypeDesc, Vehicle1Year,Vehicle1Make,Vehicle1Model,Vehicle1Color,V1IsVehicleTowed,Vehicle2TypeId, Vehicle2TypeDesc, Vehicle2Year,Vehicle2Make,Vehicle2Model,Vehicle2Color,V2IsVehicleTowed,Lane,ThruLanes,TotalLanes,IsDREConducted
2263084,1194222,2,Driver,,False,False,M,AIR BAG NOT DEPLOYED,G,OCCUPANT LAP SHOULDER HARNESS USED,CELL PHONE NOT IN USE,NONE APPARENT,,N,US-101,65.0,H,SLOWING/STOPPING,A,HAD NOT BEEN DRINKING,,,M,MALE,26.0,C,CA,O,OTHER,22.0,PickupsAndPanels,2019.0,MERZ,Sprinter,WHI,,,,,,,,,,,,
2263083,1194222,1,Driver,True,False,False,M,AIR BAG NOT DEPLOYED,G,OCCUPANT LAP SHOULDER HARNESS USED,CELL PHONE NOT IN USE,NONE APPARENT,,N,US-101,65.0,B,PROCEEDING STRAIGHT,A,HAD NOT BEEN DRINKING,,,M,MALE,59.0,C,CA,A,ASIAN,8.0,MiniVan,2002.0,TOYT,Sienna,SIL,,,,,,,,,,,,
2262677,1194033,3,Driver,True,False,False,M,AIR BAG NOT DEPLOYED,G,OCCUPANT LAP SHOULDER HARNESS USED,CELL PHONE NOT IN USE,NONE APPARENT,,E,STATE ROUTE 237,65.0,B,PROCEEDING STRAIGHT,A,HAD NOT BEEN DRINKING,,,F,FEMALE,44.0,C,CA,A,ASIAN,1.0,PassengerCarStationWagonJeep,2016.0,LEXUS,ES300H,RED,,,,,,,,,,,,
2262676,1194033,2,Driver,,False,False,M,AIR BAG NOT DEPLOYED,G,OCCUPANT LAP SHOULDER HARNESS USED,CELL PHONE NOT IN USE,NONE APPARENT,,E,STATE ROUTE 237,65.0,H,SLOWING/STOPPING,A,HAD NOT BEEN DRINKING,,,M,MALE,45.0,C,CA,O,OTHER,1.0,PassengerCarStationWagonJeep,1998.0,TOYOTA,Camry,RED,,,,,,,,,,,,
2262675,1194033,1,Driver,,False,False,M,AIR BAG NOT DEPLOYED,G,OCCUPANT LAP SHOULDER HARNESS USED,CELL PHONE NOT IN USE,NONE APPARENT,,E,STATE ROUTE 237,65.0,H,SLOWING/STOPPING,A,HAD NOT BEEN DRINKING,,,M,MALE,43.0,C,CA,H,HISPANIC,1.0,PassengerCarStationWagonJeep,2014.0,TOYOTA,Yaris,GRY,,,,,,,,,,,,
2261927,1193660,2,Driver,,False,False,M,AIR BAG NOT DEPLOYED,G,OCCUPANT LAP SHOULDER HARNESS USED,CELL PHONE NOT IN USE,ENTERING OR LEAVING RAMP,,N,i-280,65.0,B,PROCEEDING STRAIGHT,A,HAD NOT BEEN DRINKING,,,M,MALE,44.0,C,CA,H,HISPANIC,22.0,PickupsAndPanels,2019.0,GMC,Sierra,WHI,,,,,,,,,,,,
2261926,1193660,1,Driver,True,False,True,B,UNKNOWN,B,OCCUPANT UNKNOWN,CELL PHONE NOT IN USE,ENTERING OR LEAVING RAMP,,N,i-280,65.0,I,PASSING OTHER VEHICLE,G,IMPAIRMENT_NOT_KNOWN,,,,,,,,,,99.0,OtherUnknownHitAndRunDriver,,,,,,,,,,,,,,,,
2261920,1193656,2,Driver,,False,False,M,AIR BAG NOT DEPLOYED,G,OCCUPANT LAP SHOULDER HARNESS USED,CELL PHONE NOT IN USE,NONE APPARENT,,S,US101,65.0,B,PROCEEDING STRAIGHT,A,HAD NOT BEEN DRINKING,,,M,MALE,78.0,F,NJ,W,WHITE,1.0,PassengerCarStationWagonJeep,2014.0,MERB,250,BLK,,,,,,,,,,,,
2261919,1193656,1,Driver,True,False,False,P,NOT REQUIRED,W,MOTOR BICYCLE DRIVER WITH HELMET,CELL PHONE NOT IN USE,NONE APPARENT,,S,US101,65.0,J,CHANGING LANES,G,IMPAIRMENT_NOT_KNOWN,,,M,MALE,41.0,M1,CA,W,WHITE,2.0,Motorcycle,2015.0,HARL,STREET GLIDE,BLK,,,,,,,,,,,,
2261763,1193579,2,Driver,True,False,False,M,AIR BAG NOT DEPLOYED,G,OCCUPANT LAP SHOULDER HARNESS USED,CELL PHONE NOT IN USE,NONE APPARENT,,S,I-880,65.0,J,CHANGING LANES,A,HAD NOT BEEN DRINKING,,,M,MALE,48.0,C,CA,A,ASIAN,1.0,PassengerCarStationWagonJeep,2014.0,HOND,Accord,BLU,,,,,,,,,,,,
2261762,1193579,1,Driver,,False,False,M,AIR BAG NOT DEPLOYED,G,OCCUPANT LAP SHOULDER HARNESS USED,CELL PHONE NOT IN USE,NONE APPARENT,,S,I-880,65.0,B,PROCEEDING STRAIGHT,A,HAD NOT BEEN DRINKING,,,M,MALE,35.0,C,CA,B,BLACK,55.0,TwoAxleTowTruck,2016.0,FORD,F-450 SUPER DU,WHI,,,,,,,,,,,,
2261650,1193526,2,ParkedVehicle,,False,False,,,,,CELL PHONE NOT IN USE,NONE APPARENT,,N,MARTINVALE LANE,,O,PARKED,H,NOT APPLICABLE,,,,,,,,,,1.0,PassengerCarStationWagonJeep,2013.0,CHEV,Camaro,MAR,,,,,,,,,,,,
2261649,1193526,1,Driver,True,False,True,B,UNKNOWN,B,OCCUPANT UNKNOWN,CELL PHONE NOT IN USE,NONE APPARENT,,N,MARTINVALE LANE,,M,OTHER UNSAFE TURNING,G,IMPAIRMENT_NOT_KNOWN,,,,,,,,,,99.0,OtherUnknownHitAndRunDriver,,,,,,,,,,,,,,,,
2261584,1193494,2,Driver,True,False,False,M,AIR BAG NOT DEPLOYED,G,OCCUPANT LAP SHOULDER HARNESS USED,CELL PHONE NOT IN USE,NONE APPARENT,,S,us-101,65.0,J,CHANGING LANES,A,HAD NOT BEEN DRINKING,,,F,FEMALE,37.0,C,CA,W,WHITE,1.0,PassengerCarStationWagonJeep,2001.0,BUICK,Regal,GLD,,,,,,,,,,,,
2261583,1193494,1,Driver,,False,False,M,AIR BAG NOT DEPLOYED,G,OCCUPANT LAP SHOULDER HARNESS USED,CELL PHONE NOT IN USE,NONE APPARENT,,S,US-101,65.0,B,PROCEEDING STRAIGHT,A,HAD NOT BEEN DRINKING,,,M,MALE,55.0,C,CA,W,WHITE,22.0,PickupsAndPanels,2018.0,DODGE,Ram 3500 PU,SIL,,,,,,,,,,,,
2261352,1193376,2,Driver,,False,False,M,AIR BAG NOT DEPLOYED,G,OCCUPANT LAP SHOULDER HARNESS USED,CELL PHONE NOT IN USE,NONE APPARENT,,N,US-101,65.0,B,PROCEEDING STRAIGHT,A,HAD NOT BEEN DRINKING,,,F,FEMALE,76.0,C,CA,A,ASIAN,1.0,PassengerCarStationWagonJeep,2007.0,HONDA,Accord,TAN,,,,,,,,,,,,
2261351,1193376,1,Driver,True,False,False,M,AIR BAG NOT DEPLOYED,G,OCCUPANT LAP SHOULDER HARNESS USED,CELL PHONE NOT IN USE,NONE APPARENT,,N,US-101,65.0,B,PROCEEDING STRAIGHT,A,HAD NOT BEEN DRINKING,,,M,MALE,71.0,C,CA,H,HISPANIC,22.0,PickupsAndPanels,2000.0,GMC,Yukon,GRN,,,,,,,,,,,,
2260547,1192968,2,Driver,,False,False,M,AIR BAG NOT DEPLOYED,G,OCCUPANT LAP SHOULDER HARNESS USED,CELL PHONE NOT IN USE,NONE APPARENT,,N,I-880,65.0,A,STOPPED,A,HAD NOT BEEN DRINKING,,,M,MALE,27.0,C,CA,W,WHITE,1.0,PassengerCarStationWagonJeep,2013.0,HONDA,Civic,BLK,,,,,,,,,,,,
2260546,1192968,1,Driver,True,False,True,B,UNKNOWN,B,OCCUPANT UNKNOWN,CELL PHONE NOT IN USE,NONE APPARENT,,N,I-880,65.0,H,SLOWING/STOPPING,G,IMPAIRMENT_NOT_KNOWN,,,,,,,,,,99.0,OtherUnknownHitAndRunDriver,,,,,,,,,,,,,,,,
2259922,1192671,2,Driver,,False,False,L,AIR BAG DEPLOYED,G,OCCUPANT LAP SHOULDER HARNESS USED,CELL PHONE NOT IN USE,NONE APPARENT,,S,SR-87,65.0,A,STOPPED,B,HBD-UNDER INFLUENCE,,,F,FEMALE,27.0,C,CA,H,HISPANIC,1.0,PassengerCarStationWagonJeep,2014.0,DODG,Charger,BLK,,,,,,,,,,,,
2259921,1192671,1,Driver,True,False,False,L,AIR BAG DEPLOYED,G,OCCUPANT LAP SHOULDER HARNESS USED,CELL PHONE HANDSFREE IN USE,NONE APPARENT,,S,SR-87,65.0,B,PROCEEDING STRAIGHT,A,HAD NOT BEEN DRINKING,,,M,MALE,32.0,C,CA,H,HISPANIC,1.0,PassengerCarStationWagonJeep,2016.0,DODG,Dart,WHI,,,,,,,,,,,,
2259918,1192669,2,Driver,,False,False,M,AIR BAG NOT DEPLOYED,G,OCCUPANT LAP SHOULDER HARNESS USED,CELL PHONE NOT IN USE,NONE APPARENT,,S,US-101,65.0,H,SLOWING/STOPPING,A,HAD NOT BEEN DRINKING,,,M,MALE,40.0,C,CA,O,OTHER,1.0,PassengerCarStationWagonJeep,2016.0,BMW,750i,BLK,,,,,,,,,,,,
2259917,1192669,1,Driver,True,False,False,L,AIR BAG DEPLOYED,G,OCCUPANT LAP SHOULDER HARNESS USED,CELL PHONE NOT IN USE,INATTENTION / NONE APPARENT,,S,US-101,65.0,B,PROCEEDING STRAIGHT,A,HAD NOT BEEN DRINKING,,,M,MALE,44.0,C,CA,W,WHITE,1.0,PassengerCarStationWagonJeep,2007.0,TOYO,Yaris,WHI,,,,,,,,,,,,
2259886,1192654,2,Driver,,False,False,M,AIR BAG NOT DEPLOYED,G,OCCUPANT LAP SHOULDER HARNESS USED,CELL PHONE NOT IN USE,NONE APPARENT,,S,I-680,65.0,B,PROCEEDING STRAIGHT,A,HAD NOT BEEN DRINKING,,,F,FEMALE,36.0,C,CA,A,ASIAN,1.0,PassengerCarStationWagonJeep,2018.0,BMW,530i,BLK,,,,,,,,,,,,
2259885,1192654,1,Driver,True,False,True,B,UNKNOWN,B,OCCUPANT UNKNOWN,,NONE APPARENT,,S,I-680,65.0,B,PROCEEDING STRAIGHT,G,IMPAIRMENT_NOT_KNOWN,,,,,,,,,,99.0,OtherUnknownHitAndRunDriver,,,,,,,,,,,,,,,,
2259845,1192633,3,Driver,,False,False,M,AIR BAG NOT DEPLOYED,G,OCCUPANT LAP SHOULDER HARNESS USED,CELL PHONE NOT IN USE,NONE APPARENT,,S,I-280,65.0,A,STOPPED,A,HAD NOT BEEN DRINKING,,,F,FEMALE,28.0,C,CA,W,WHITE,7.0,SportUtilityVehicle,2010.0,FORD,Escape,WHI,,,,,,,,,,,,
2259844,1192633,2,Driver,,False,False,M,AIR BAG NOT DEPLOYED,G,OCCUPANT LAP SHOULDER HARNESS USED,CELL PHONE NOT IN USE,NONE APPARENT,,S,I-280,65.0,H,SLOWING/STOPPING,A,HAD NOT BEEN DRINKING,,,M,MALE,38.0,C,CA,H,HISPANIC,1.0,PassengerCarStationWagonJeep,2010.0,TOYOT,Corolla,GRY,,,,,,,,,,,,
2259843,1192633,1,Driver,True,False,False,L,AIR BAG DEPLOYED,G,OCCUPANT LAP SHOULDER HARNESS USED,CELL PHONE NOT IN USE,NONE APPARENT,,S,I-280,65.0,H,SLOWING/STOPPING,A,HAD NOT BEEN DRINKING,,,M,MALE,30.0,C,CA,H,HISPANIC,1.0,PassengerCarStationWagonJeep,2017.0,HONDA,Accord,GRY,,,,,,,,,,,,
2259842,1192632,2,Driver,,False,False,M,AIR BAG NOT DEPLOYED,G,OCCUPANT LAP SHOULDER HARNESS USED,CELL PHONE NOT IN USE,NONE APPARENT,,S,US101,65.0,B,PROCEEDING STRAIGHT,A,HAD NOT BEEN DRINKING,,,M,MALE,43.0,C,CA,H,HISPANIC,22.0,PickupsAndPanels,2005.0,FORD,F450,WHI,,,,,,,,,,,,
2259841,1192632,1,Driver,True,False,False,M,AIR BAG NOT DEPLOYED,G,OCCUPANT LAP SHOULDER HARNESS USED,CELL PHONE NOT IN USE,NONE APPARENT,,S,US101,65.0,J,CHANGING LANES,A,HAD NOT BEEN DRINKING,,,M,MALE,30.0,F,IA,A,ASIAN,7.0,SportUtilityVehicle,2007.0,FORD,Edge,TAN,,,,,,,,,,,,
2259381,1192398,3,Driver,,False,False,M,AIR BAG NOT DEPLOYED,G,OCCUPANT LAP SHOULDER HARNESS USED,CELL PHONE NOT IN USE,NONE APPARENT,,S,SR-87,65.0,A,STOPPED,A,HAD NOT BEEN DRINKING,,,M,MALE,29.0,C,CA,H,HISPANIC,8.0,MiniVan,2018.0,FORD,TRANSIT,YEL,,,,,,,,,,,,
2259380,1192398,2,Driver,,False,False,M,AIR BAG NOT DEPLOYED,G,OCCUPANT LAP SHOULDER HARNESS USED,CELL PHONE NOT IN USE,NONE APPARENT,,S,SR-87,65.0,A,STOPPED,A,HAD NOT BEEN DRINKING,,,M,MALE,48.0,C,CA,A,ASIAN,7.0,SportUtilityVehicle,2015.0,HOND,CRV,WHT,,,,,,,,,,,,
2259379,1192398,1,Driver,True,False,False,L,AIR BAG DEPLOYED,G,OCCUPANT LAP SHOULDER HARNESS USED,CELL PHONE NOT IN USE,NONE APPARENT,,S,SR-87,65.0,B,PROCEEDING STRAIGHT,A,HAD NOT BEEN DRINKING,,,M,MALE,24.0,C,CA,H,HISPANIC,1.0,PassengerCarStationWagonJeep,2002.0,FORD,Mustang,BLK,,,,,,,,,,,,
2259301,1192353,2,Driver,,False,False,M,AIR BAG NOT DEPLOYED,G,OCCUPANT LAP SHOULDER HARNESS USED,CELL PHONE NOT IN USE,NONE APPARENT,,S,I-880,65.0,H,SLOWING/STOPPING,A,HAD NOT BEEN DRINKING,,,F,FEMALE,50.0,C,CA,W,WHITE,7.0,SportUtilityVehicle,2006.0,NISSAN,Frontier,SIL,,,,,,,,,,,,
2259300,1192353,1,Driver,True,False,False,M,AIR BAG NOT DEPLOYED,G,OCCUPANT LAP SHOULDER HARNESS USED,CELL PHONE NOT IN USE,NONE APPARENT,,S,I-880,65.0,H,SLOWING/STOPPING,A,HAD NOT BEEN DRINKING,,,F,FEMALE,33.0,C,CA,W,WHITE,7.0,SportUtilityVehicle,2009.0,TOYOTA,4 RUNNER,SIL,,,,,,,,,,,,
2259213,1192307,3,Driver,,False,False,M,AIR BAG NOT DEPLOYED,G,OCCUPANT LAP SHOULDER HARNESS USED,CELL PHONE NOT IN USE,STOP & GO TRAFFIC,,N,I-880,65.0,H,SLOWING/STOPPING,A,HAD NOT BEEN DRINKING,,,M,MALE,27.0,C,CA,O,OTHER,7.0,SportUtilityVehicle,2017.0,NISSAN,Rogue,RED,,,,,,,,,,,,
2259212,1192307,2,Driver,,False,False,M,AIR BAG NOT DEPLOYED,G,OCCUPANT LAP SHOULDER HARNESS USED,CELL PHONE NOT IN USE,STOP & GO TRAFFIC,,N,I-880,65.0,H,SLOWING/STOPPING,A,HAD NOT BEEN DRINKING,,,M,MALE,44.0,C,CA,O,OTHER,1.0,PassengerCarStationWagonJeep,2011.0,LEXU,ES350,BLK,,,,,,,,,,,,
2259211,1192307,1,Driver,True,False,False,L,AIR BAG DEPLOYED,G,OCCUPANT LAP SHOULDER HARNESS USED,CELL PHONE NOT IN USE,STOP & GO TRAFFIC,,N,I-880,65.0,B,PROCEEDING STRAIGHT,A,HAD NOT BEEN DRINKING,,,F,FEMALE,29.0,C,CA,A,ASIAN,1.0,PassengerCarStationWagonJeep,2017.0,HONDA,Civic,WHT,,,,,,,,,,,,
2259100,1192248,2,Driver,,False,False,L,AIR BAG DEPLOYED,G,OCCUPANT LAP SHOULDER HARNESS USED,CELL PHONE NOT IN USE,NONE APPARENT,,N,US-101,65.0,B,PROCEEDING STRAIGHT,A,HAD NOT BEEN DRINKING,,,F,FEMALE,30.0,C,CA,H,HISPANIC,1.0,PassengerCarStationWagonJeep,2015.0,CHEV,Malibu,GRY,,,,,,,,,,,,
2259099,1192248,1,Driver,True,False,False,L,AIR BAG DEPLOYED,G,OCCUPANT LAP SHOULDER HARNESS USED,CELL PHONE HANDHELD IN USE,VC SECTION VIOLATED - 22107,,N,US-101,65.0,C,RAN OFF ROAD,B,HBD-UNDER INFLUENCE,,,M,MALE,26.0,C,CA,A,ASIAN,1.0,PassengerCarStationWagonJeep,2010.0,TOYO,Corolla,RED,,,,,,,,,,,,
2259028,1192210,2,Driver,,False,False,M,AIR BAG NOT DEPLOYED,G,OCCUPANT LAP SHOULDER HARNESS USED,CELL PHONE NOT IN USE,NONE APPARENT,,S,US-101,65.0,A,STOPPED,A,HAD NOT BEEN DRINKING,,,M,MALE,41.0,C,CA,A,ASIAN,22.0,PickupsAndPanels,2003.0,CHEV,1500,WHI,,,,,,,,,,,,
2259027,1192210,1,Driver,True,False,False,M,AIR BAG NOT DEPLOYED,G,OCCUPANT LAP SHOULDER HARNESS USED,CELL PHONE NOT IN USE,NONE APPARENT,,S,US-101,65.0,H,SLOWING/STOPPING,A,HAD NOT BEEN DRINKING,,,M,MALE,19.0,C,CA,A,ASIAN,7.0,SportUtilityVehicle,2006.0,ACUR,MDX,GRY,,,,,,,,,,,,
2259000,1192194,2,Driver,,False,False,M,AIR BAG NOT DEPLOYED,G,OCCUPANT LAP SHOULDER HARNESS USED,CELL PHONE NOT IN USE,NONE APPARENT,,S,US-101,65.0,A,STOPPED,A,HAD NOT BEEN DRINKING,,,M,MALE,30.0,C,CA,A,ASIAN,1.0,PassengerCarStationWagonJeep,2015.0,CHEV,Camaro,YEL,,,,,,,,,,,,
2258999,1192194,1,Driver,True,False,False,M,AIR BAG NOT DEPLOYED,G,OCCUPANT LAP SHOULDER HARNESS USED,CELL PHONE NOT IN USE,NONE APPARENT,,S,US-101,65.0,H,SLOWING/STOPPING,A,HAD NOT BEEN DRINKING,,,M,MALE,46.0,C,CA,A,ASIAN,8.0,MiniVan,2005.0,HOND,Odyssey,SIL,,,,,,,,,,,,
2258506,1191932,3,Driver,,False,False,M,AIR BAG NOT DEPLOYED,G,OCCUPANT LAP SHOULDER HARNESS USED,CELL PHONE NOT IN USE,ENTERING OR LEAVING RAMP,,S,SR-85,65.0,A,STOPPED,A,HAD NOT BEEN DRINKING,,,M,MALE,59.0,C,CA,H,HISPANIC,1.0,PassengerCarStationWagonJeep,2013.0,MERZ,C250,WHI,,,,,,,,,,,,
2258505,1191932,2,Driver,,False,False,M,AIR BAG NOT DEPLOYED,G,OCCUPANT LAP SHOULDER HARNESS USED,CELL PHONE NOT IN USE,ENTERING OR LEAVING RAMP,,S,SR-85,65.0,A,STOPPED,A,HAD NOT BEEN DRINKING,,,M,MALE,23.0,C,CA,H,HISPANIC,26.0,TwoAxleTruck,2009.0,GMC,Savana,WHI,,,,,,,,,,,,
2258504,1191932,1,Driver,True,False,False,M,AIR BAG NOT DEPLOYED,G,OCCUPANT LAP SHOULDER HARNESS USED,CELL PHONE NOT IN USE,ENTERING OR LEAVING RAMP / PREVIOUS COLLISION,,S,SR-85,65.0,B,PROCEEDING STRAIGHT,A,HAD NOT BEEN DRINKING,,,M,MALE,91.0,C,CA,W,WHITE,22.0,PickupsAndPanels,2003.0,TOYT,Tacoma,RED,,,,,,,,,,,,
2258483,1191919,1,Driver,True,False,False,M,AIR BAG NOT DEPLOYED,G,OCCUPANT LAP SHOULDER HARNESS USED,CELL PHONE NOT IN USE,VC SECTION VIOLATED - 22107,,S,US101,65.0,R,OTHER,B,HBD-UNDER INFLUENCE,,,M,MALE,22.0,U,CA,H,HISPANIC,1.0,PassengerCarStationWagonJeep,2001.0,HOND,Accord,BLK,,,,,,,,,,,,
2258451,1191901,2,Driver,,False,False,M,AIR BAG NOT DEPLOYED,G,OCCUPANT LAP SHOULDER HARNESS USED,CELL PHONE NOT IN USE,NONE APPARENT,,S,I-280,65.0,A,STOPPED,A,HAD NOT BEEN DRINKING,,,M,MALE,22.0,C,CA,O,OTHER,1.0,PassengerCarStationWagonJeep,2018.0,TSMR,MODEL S,WHT,,,,,,,,,,,,
2258450,1191901,1,Driver,True,False,False,L,AIR BAG DEPLOYED,G,OCCUPANT LAP SHOULDER HARNESS USED,CELL PHONE NOT IN USE,VC SECTION VIOLATED - 22350 / NONE APPARENT,,S,I-280,65.0,B,PROCEEDING STRAIGHT,B,HBD-UNDER INFLUENCE,,,M,MALE,38.0,C,CA,H,HISPANIC,1.0,PassengerCarStationWagonJeep,2007.0,HONDA,Accord,GRY,,,,,,,,,,,,
2258435,1191892,1,Driver,,False,False,M,AIR BAG NOT DEPLOYED,G,OCCUPANT LAP SHOULDER HARNESS USED,CELL PHONE NOT IN USE,NONE APPARENT,,N,US101,65.0,B,PROCEEDING STRAIGHT,A,HAD NOT BEEN DRINKING,,,M,MALE,22.0,C,CA,H,HISPANIC,1.0,PassengerCarStationWagonJeep,2011.0,DODGE,Challenger,WHI,,,,,,,,,,,,
2258427,1191886,2,Driver,,False,False,M,AIR BAG NOT DEPLOYED,G,OCCUPANT LAP SHOULDER HARNESS USED,CELL PHONE NOT IN USE,STOP & GO TRAFFIC,,N,SR-87 TO I-280 S/B,65.0,A,STOPPED,A,HAD NOT BEEN DRINKING,,,M,MALE,33.0,C,CA,O,OTHER,1.0,PassengerCarStationWagonJeep,2020.0,TESLA,MODEL S,BLU,,,,,,,,,,,,
2258426,1191886,1,Driver,True,False,False,L,AIR BAG DEPLOYED,G,OCCUPANT LAP SHOULDER HARNESS USED,CELL PHONE NOT IN USE,STOP & GO TRAFFIC,,N,SR-87 TO I-280 S/B,65.0,B,PROCEEDING STRAIGHT,A,HAD NOT BEEN DRINKING,,,M,MALE,39.0,C,CA,W,WHITE,1.0,PassengerCarStationWagonJeep,2016.0,VOLK,golf ,WHI,,,,,,,,,,,,
2258414,1191879,2,Driver,,False,False,L,AIR BAG DEPLOYED,G,OCCUPANT LAP SHOULDER HARNESS USED,CELL PHONE NOT IN USE,NONE APPARENT,,N,SR-87,65.0,B,PROCEEDING STRAIGHT,A,HAD NOT BEEN DRINKING,,,M,MALE,61.0,C,CA,O,OTHER,22.0,PickupsAndPanels,2007.0,FORD,F-150,WHI,,,,,,,,,,,,
2258413,1191879,1,Driver,True,False,False,L,AIR BAG DEPLOYED,G,OCCUPANT LAP SHOULDER HARNESS USED,CELL PHONE NOT IN USE,NONE APPARENT,,N,SR-87,65.0,B,PROCEEDING STRAIGHT,A,HAD NOT BEEN DRINKING,,,F,FEMALE,24.0,U,CA,A,ASIAN,1.0,PassengerCarStationWagonJeep,2004.0,ACUR,TSX,WHI,,,,,,,,,,,,
2258287,1191813,2,Driver,,False,False,M,AIR BAG NOT DEPLOYED,G,OCCUPANT LAP SHOULDER HARNESS USED,CELL PHONE NOT IN USE,NONE APPARENT,,S,US101,65.0,R,OTHER,A,HAD NOT BEEN DRINKING,,,M,MALE,55.0,C,CA,A,ASIAN,1.0,PassengerCarStationWagonJeep,2009.0,HOND,Accord,WHI,,,,,,,,,,,,
2258286,1191813,1,Driver,,False,False,M,AIR BAG NOT DEPLOYED,G,OCCUPANT LAP SHOULDER HARNESS USED,CELL PHONE NOT IN USE,NONE APPARENT,,S,US101,65.0,R,OTHER,A,HAD NOT BEEN DRINKING,,,M,MALE,77.0,C,CA,A,ASIAN,22.0,PickupsAndPanels,2006.0,NISS,Frontier,GRY,,,,,,,,,,,,
2258271,1191805,2,Driver,,False,False,M,AIR BAG NOT DEPLOYED,G,OCCUPANT LAP SHOULDER HARNESS USED,CELL PHONE NOT IN USE,STOP & GO TRAFFIC,,N,I-280,65.0,A,STOPPED,A,HAD NOT BEEN DRINKING,,,M,MALE,64.0,F,IA,W,WHITE,22.0,PickupsAndPanels,2019.0,DODGE,RAM,WHI,,,,,,,,,,,,
2258270,1191805,1,Driver,True,False,False,M,AIR BAG NOT DEPLOYED,G,OCCUPANT LAP SHOULDER HARNESS USED,CELL PHONE NOT IN USE,STOP & GO TRAFFIC,,N,I-280,65.0,B,PROCEEDING STRAIGHT,A,HAD NOT BEEN DRINKING,,,F,FEMALE,17.0,C,CA,A,ASIAN,1.0,PassengerCarStationWagonJeep,2006.0,MERZ,C230,SIL,,,,,,,,,,,,
2258265,1191802,2,Driver,,False,False,M,AIR BAG NOT DEPLOYED,G,OCCUPANT LAP SHOULDER HARNESS USED,CELL PHONE NOT IN USE,STOP & GO TRAFFIC,,S,I-280,65.0,B,PROCEEDING STRAIGHT,A,HAD NOT BEEN DRINKING,,,F,FEMALE,61.0,C,CA,A,ASIAN,1.0,PassengerCarStationWagonJeep,2017.0,LEXU,RX,WHT,,,,,,,,,,,,
2258264,1191802,1,Driver,True,False,False,P,NOT REQUIRED,W,MOTOR BICYCLE DRIVER WITH HELMET,CELL PHONE NOT IN USE,STOP & GO TRAFFIC,,S,I-280,65.0,B,PROCEEDING STRAIGHT,A,HAD NOT BEEN DRINKING,,,M,MALE,31.0,M1,CA,A,ASIAN,2.0,Motorcycle,2017.0,SUZU,V-STORM,GRY,,,,,,,,,,,,
2257990,1191665,3,Driver,,False,False,M,AIR BAG NOT DEPLOYED,G,OCCUPANT LAP SHOULDER HARNESS USED,CELL PHONE NOT IN USE,NONE APPARENT,,S,I-880,65.0,H,SLOWING/STOPPING,A,HAD NOT BEEN DRINKING,,,F,FEMALE,27.0,C,CA,W,WHITE,1.0,PassengerCarStationWagonJeep,1998.0,FORD,Mustang,BLK,,,,,,,,,,,,
2257989,1191665,2,Driver,,False,False,M,AIR BAG NOT DEPLOYED,G,OCCUPANT LAP SHOULDER HARNESS USED,CELL PHONE NOT IN USE,NONE APPARENT,,S,I-880,65.0,H,SLOWING/STOPPING,A,HAD NOT BEEN DRINKING,,,M,MALE,42.0,C,CA,A,ASIAN,7.0,SportUtilityVehicle,2008.0,HONDA,Pilot,BLU,,,,,,,,,,,,
2257988,1191665,1,Driver,,False,False,M,AIR BAG NOT DEPLOYED,G,OCCUPANT LAP SHOULDER HARNESS USED,CELL PHONE NOT IN USE,NONE APPARENT,,S,I-880,65.0,B,PROCEEDING STRAIGHT,A,HAD NOT BEEN DRINKING,,,M,MALE,40.0,C,CA,W,WHITE,22.0,PickupsAndPanels,2006.0,CHEV,2500 Series,WHI,,,,,,,,,,,,
2257984,1191662,3,Driver,True,False,False,M,AIR BAG NOT DEPLOYED,G,OCCUPANT LAP SHOULDER HARNESS USED,CELL PHONE NOT IN USE,PREVIOUS COLLISION,,S,I-680,65.0,B,PROCEEDING STRAIGHT,A,HAD NOT BEEN DRINKING,,,M,MALE,52.0,,,H,HISPANIC,22.0,PickupsAndPanels,1989.0,TOYO,Pickup,MRN,,,,,,,,,,,,
2257983,1191662,2,Driver,,False,False,M,AIR BAG NOT DEPLOYED,G,OCCUPANT LAP SHOULDER HARNESS USED,CELL PHONE NOT IN USE,PREVIOUS COLLISION,,S,I-680,65.0,A,STOPPED,A,HAD NOT BEEN DRINKING,,,M,MALE,21.0,C,CA,A,ASIAN,7.0,SportUtilityVehicle,2007.0,TOYO,RAV4,GRY,,,,,,,,,,,,