PartyId,CollisionId,PartyNumber,PartyType,IsAtFault,IsOnDutyEmergencyVehicle,IsHitAndRun,AirbagCode,AirbagDescription,SafetyEquipmentCode,SafetyEquipmentDescription,Special Information,Other Associate Factor,Inattention,DirectionOfTravel,StreetOrHighwayName,SpeedLimit,MovementPrecCollCode,MovementPrecCollDescription,SobrietyDrugPhysicalCode1,SobrietyDrugPhysicalDescription1,SobrietyDrugPhysicalCode2,SobrietyDrugPhysicalDescription2,GenderCode,GenderDescription,StatedAge,DriverLicenseClass,DriverLicenseStateCode,RaceCode,RaceDesc,Vehicle1TypeId, Vehicle1TypeDesc, Vehicle1Year,Vehicle1Make,Vehicle1Model,Vehicle1Color,V1IsVehicleTowed,Vehicle2TypeId, Vehicle2TypeDesc, Vehicle2Year,Vehicle2Make,Vehicle2Model,Vehicle2Color,V2IsVehicleTowed,Lane,ThruLanes,TotalLanes,IsDREConducted
2460145,1307273,1,Driver,True,False,False,M,AIR BAG NOT DEPLOYED,G,OCCUPANT LAP SHOULDER HARNESS USED,CELL PHONE NOT IN USE,NONE APPARENT,,N,US 101,65.0,J,CHANGING LANES,A,HAD NOT BEEN DRINKING,,,M,MALE,40.0,C,CA,H,HISPANIC,22.0,PickupsAndPanels,2008.0,NISSAN,Frontier,RED,,,,,,,,,,,,
2459940,1307160,2,Driver,,False,False,M,AIR BAG NOT DEPLOYED,G,OCCUPANT LAP SHOULDER HARNESS USED,CELL PHONE NOT IN USE,ENTERING OR LEAVING RAMP,,S,SR-85,65.0,B,PROCEEDING STRAIGHT,A,HAD NOT BEEN DRINKING,,,M,MALE,19.0,C,CA,W,WHITE,22.0,PickupsAndPanels,2001.0,FORD,F250,GRN,,,,,,,,,,,,
2459939,1307160,1,Driver,True,False,True,B,UNKNOWN,B,OCCUPANT UNKNOWN,CELL PHONE NOT IN USE,ENTERING OR LEAVING RAMP,,S,SR-85,65.0,J,CHANGING LANES,G,IMPAIRMENT_NOT_KNOWN,,,,,,,,,,99.0,OtherUnknownHitAndRunDriver,,,,,,,,,,,,,,,,
2459758,1307065,2,Driver,,False,True,B,UNKNOWN,B,OCCUPANT UNKNOWN,CELL PHONE NOT IN USE,ENTERING OR LEAVING RAMP,,S,SR-87 ,65.0,B,PROCEEDING STRAIGHT,G,IMPAIRMENT_NOT_KNOWN,,,,,,,,,,99.0,OtherUnknownHitAndRunDriver,,,,,,,,,,,,,,,,
2459757,1307065,1,Pedestrian,True,False,False,P,NOT REQUIRED,P,NOT REQUIRED,CELL PHONE NOT IN USE,NONE APPARENT,,S,SR-87 ,65.0,,,G,IMPAIRMENT_NOT_KNOWN,,,M,MALE,63.0,,,H,HISPANIC,60.0,Pedestrian,,,,,,,,,,,,,,,,
2458986,1306664,5,Driver,,False,False,M,AIR BAG NOT DEPLOYED,G,OCCUPANT LAP SHOULDER HARNESS USED,CELL PHONE NOT IN USE,NONE APPARENT,,S,SR-85,65.0,H,SLOWING/STOPPING,A,HAD NOT BEEN DRINKING,,,F,FEMALE,38.0,C,CA,O,OTHER,1.0,PassengerCarStationWagonJeep,2012.0,HOND,Civic,SIL,,,,,,,,,,,,
2458985,1306664,4,Driver,,False,False,M,AIR BAG NOT DEPLOYED,G,OCCUPANT LAP SHOULDER HARNESS USED,CELL PHONE NOT IN USE,NONE APPARENT,,S,SR-85,65.0,H,SLOWING/STOPPING,A,HAD NOT BEEN DRINKING,,,F,FEMALE,46.0,C,CA,W,WHITE,7.0,SportUtilityVehicle,2020.0,INFI,QX50,WHI,,,,,,,,,,,,
2458984,1306664,3,Driver,,False,False,M,AIR BAG NOT DEPLOYED,G,OCCUPANT LAP SHOULDER HARNESS USED,CELL PHONE NOT IN USE,NONE APPARENT,,S,SR-85,65.0,H,SLOWING/STOPPING,A,HAD NOT BEEN DRINKING,,,M,MALE,36.0,C,CA,O,OTHER,7.0,SportUtilityVehicle,2020.0,MITS,Outlander,BLK,,,,,,,,,,,,
2458983,1306664,2,Driver,,False,False,M,AIR BAG NOT DEPLOYED,G,OCCUPANT LAP SHOULDER HARNESS USED,CELL PHONE NOT IN USE,NONE APPARENT,,S,SR-85,65.0,H,SLOWING/STOPPING,A,HAD NOT BEEN DRINKING,,,M,MALE,53.0,C,CA,A,ASIAN,22.0,PickupsAndPanels,2005.0,TOYO,Tundra,GLD,,,,,,,,,,,,
2458982,1306664,1,Driver,True,False,False,L,AIR BAG DEPLOYED,G,OCCUPANT LAP SHOULDER HARNESS USED,CELL PHONE NOT IN USE,NONE APPARENT,,S,SR-85,65.0,B,PROCEEDING STRAIGHT,A,HAD NOT BEEN DRINKING,,,M,MALE,49.0,C,CA,O,OTHER,1.0,PassengerCarStationWagonJeep,2011.0,HOND,Accord,BLU,,,,,,,,,,,,
2458903,1306622,2,Driver,,False,False,M,AIR BAG NOT DEPLOYED,G,OCCUPANT LAP SHOULDER HARNESS USED,CELL PHONE NOT IN USE,ENTERING OR LEAVING RAMP,,N,US101,65.0,B,PROCEEDING STRAIGHT,A,HAD NOT BEEN DRINKING,,,M,MALE,48.0,C,CA,O,OTHER,1.0,PassengerCarStationWagonJeep,2014.0,NISS,Altima,SIL,,,,,,,,,,,,
2458902,1306622,1,Driver,True,False,False,L,AIR BAG DEPLOYED,G,OCCUPANT LAP SHOULDER HARNESS USED,CELL PHONE NOT IN USE,ENTERING OR LEAVING RAMP,,N,US101,65.0,M,OTHER UNSAFE TURNING,A,HAD NOT BEEN DRINKING,,,F,FEMALE,29.0,U,CA,H,HISPANIC,1.0,PassengerCarStationWagonJeep,2017.0,TOYO,Cordia,GRY,,,,,,,,,,,,
2458890,1306614,2,Driver,,False,False,M,AIR BAG NOT DEPLOYED,G,OCCUPANT LAP SHOULDER HARNESS USED,CELL PHONE NOT IN USE,NONE APPARENT,,S,US-101,65.0,H,SLOWING/STOPPING,A,HAD NOT BEEN DRINKING,,,M,MALE,36.0,C,CA,A,ASIAN,1.0,PassengerCarStationWagonJeep,2006.0,TOYO,Camry,GRY,,,,,,,,,,,,
2458889,1306614,1,Driver,True,False,False,M,AIR BAG NOT DEPLOYED,G,OCCUPANT LAP SHOULDER HARNESS USED,CELL PHONE HANDHELD IN USE,NONE APPARENT,,S,US-101,65.0,B,PROCEEDING STRAIGHT,A,HAD NOT BEEN DRINKING,,,M,MALE,52.0,C,CA,W,WHITE,1.0,PassengerCarStationWagonJeep,2012.0,TOYO,Corolla,GRY,,,,,,,,,,,,
2458880,1306608,2,Driver,,False,False,M,AIR BAG NOT DEPLOYED,G,OCCUPANT LAP SHOULDER HARNESS USED,CELL PHONE NOT IN USE,STOP & GO TRAFFIC,,S,SR-87,65.0,A,STOPPED,G,IMPAIRMENT_NOT_KNOWN,,,M,MALE,29.0,C,CA,B,BLACK,1.0,PassengerCarStationWagonJeep,2016.0,KIA,Optima,WHI,,,,,,,,,,,,
2458879,1306608,1,Driver,True,False,False,M,AIR BAG NOT DEPLOYED,G,OCCUPANT LAP SHOULDER HARNESS USED,CELL PHONE NOT IN USE,STOP & GO TRAFFIC,,S,SR-87,65.0,B,PROCEEDING STRAIGHT,G,IMPAIRMENT_NOT_KNOWN,,,M,MALE,19.0,C,CA,B,BLACK,1.0,PassengerCarStationWagonJeep,2015.0,HONDA,Accord,GRA,,,,,,,,,,,,
2458748,1306540,3,Driver,,False,False,M,AIR BAG NOT DEPLOYED,G,OCCUPANT LAP SHOULDER HARNESS USED,CELL PHONE NOT IN USE,NONE APPARENT,,S,SR-17 S/B,65.0,B,PROCEEDING STRAIGHT,A,HAD NOT BEEN DRINKING,,,M,MALE,59.0,A,CA,H,HISPANIC,25.0,TruckTractor,2009.0,PTRB,Dumptruck,YLW,,,,,,,,,,,,
2458747,1306540,2,Driver,,False,False,M,AIR BAG NOT DEPLOYED,G,OCCUPANT LAP SHOULDER HARNESS USED,CELL PHONE NOT IN USE,ENTERING OR LEAVING RAMP,,S,I-280 N/B TO SR-17 S/B,65.0,B,PROCEEDING STRAIGHT,A,HAD NOT BEEN DRINKING,,,M,MALE,21.0,F,NC,W,WHITE,7.0,SportUtilityVehicle,2003.0,NISS,Xterra,WHI,,,,,,,,,,,,
2458746,1306540,1,Driver,True,False,False,M,AIR BAG NOT DEPLOYED,G,OCCUPANT LAP SHOULDER HARNESS USED,CELL PHONE NOT IN USE,ENTERING OR LEAVING RAMP,,S,I-280 S/B TO SR-17 S/B,65.0,J,CHANGING LANES,A,HAD NOT BEEN DRINKING,,,M,MALE,23.0,U,CA,H,HISPANIC,1.0,PassengerCarStationWagonJeep,2015.0,CHEV,Cruze,SIL,,,,,,,,,,,,
2458530,1306424,2,Driver,,False,False,M,AIR BAG NOT DEPLOYED,G,OCCUPANT LAP SHOULDER HARNESS USED,CELL PHONE NOT IN USE,ENTERING OR LEAVING RAMP,,S,SR-87,65.0,A,STOPPED,A,HAD NOT BEEN DRINKING,,,M,MALE,27.0,C,CA,O,OTHER,1.0,PassengerCarStationWagonJeep,2013.0,LEXU,CT ,WHI,,,,,,,,,,,,
2458529,1306424,1,Driver,True,False,False,M,AIR BAG NOT DEPLOYED,G,OCCUPANT LAP SHOULDER HARNESS USED,CELL PHONE NOT IN USE,ENTERING OR LEAVING RAMP,,S,SR-87,65.0,B,PROCEEDING STRAIGHT,D,HBD-IMPAIRMENT UNKNOWN,,,F,FEMALE,22.0,C,CA,H,HISPANIC,7.0,SportUtilityVehicle,2018.0,NISS,Rogue,BLU,,,,,,,,,,,,
2458483,1306401,3,Driver,,False,False,M,AIR BAG NOT DEPLOYED,G,OCCUPANT LAP SHOULDER HARNESS USED,CELL PHONE NOT IN USE,STOP & GO TRAFFIC,,S,SR-87,65.0,B,PROCEEDING STRAIGHT,A,HAD NOT BEEN DRINKING,,,M,MALE,33.0,C,CA,O,OTHER,7.0,SportUtilityVehicle,2017.0,HYUN,Tucson,BLK,,,,,,,,,,,,
2458482,1306401,2,Driver,,False,False,M,AIR BAG NOT DEPLOYED,G,OCCUPANT LAP SHOULDER HARNESS USED,CELL PHONE NOT IN USE,STOP & GO TRAFFIC,,S,SR-87,65.0,A,STOPPED,A,HAD NOT BEEN DRINKING,,,M,MALE,46.0,C,CA,O,OTHER,7.0,SportUtilityVehicle,2019.0,LEXUS,300,SIL,,,,,,,,,,,,
2458481,1306401,1,Driver,True,False,False,M,AIR BAG NOT DEPLOYED,G,OCCUPANT LAP SHOULDER HARNESS USED,CELL PHONE NOT IN USE,STOP & GO TRAFFIC,,S,SR-87,65.0,B,PROCEEDING STRAIGHT,A,HAD NOT BEEN DRINKING,,,M,MALE,43.0,C,CA,W,WHITE,22.0,PickupsAndPanels,2015.0,CHEV,Silverado,BLA,,,,,,,,,,,,
2458448,1306381,2,Driver,,False,False,M,AIR BAG NOT DEPLOYED,G,OCCUPANT LAP SHOULDER HARNESS USED,CELL PHONE NOT IN USE,NONE APPARENT,,S,SR-85,65.0,B,PROCEEDING STRAIGHT,A,HAD NOT BEEN DRINKING,,,F,FEMALE,45.0,C,CA,O,OTHER,1.0,PassengerCarStationWagonJeep,2018.0,HOND,Accord,SIL,,,,,,,,,,,,
2458447,1306381,1,Driver,True,False,True,B,UNKNOWN,B,OCCUPANT UNKNOWN,CELL PHONE NOT IN USE,NONE APPARENT,,S,SR-85,65.0,R,OTHER,G,IMPAIRMENT_NOT_KNOWN,,,,,,,,,,99.0,OtherUnknownHitAndRunDriver,,,,,,,,,,,,,,,,
2458114,1306202,1,Driver,,False,False,M,AIR BAG NOT DEPLOYED,G,OCCUPANT LAP SHOULDER HARNESS USED,CELL PHONE NOT IN USE,NONE APPARENT,,S,SR-85,65.0,B,PROCEEDING STRAIGHT,A,HAD NOT BEEN DRINKING,,,M,MALE,39.0,C,CA,H,HISPANIC,22.0,PickupsAndPanels,1998.0,FORD,Ranger,GRN,,,,,,,,,,,,
2458043,1306166,2,Driver,True,False,False,M,AIR BAG NOT DEPLOYED,G,OCCUPANT LAP SHOULDER HARNESS USED,CELL PHONE NOT IN USE,NONE APPARENT,,N,I-280,65.0,J,CHANGING LANES,A,HAD NOT BEEN DRINKING,,,F,FEMALE,29.0,C,CA,W,WHITE,1.0,PassengerCarStationWagonJeep,2010.0,FORD,Focus,WHI,,,,,,,,,,,,
2458042,1306166,1,Driver,,False,False,M,AIR BAG NOT DEPLOYED,G,OCCUPANT LAP SHOULDER HARNESS USED,CELL PHONE NOT IN USE,NONE APPARENT,,N,I-280,65.0,B,PROCEEDING STRAIGHT,A,HAD NOT BEEN DRINKING,,,M,MALE,58.0,C,CA,A,ASIAN,1.0,PassengerCarStationWagonJeep,2015.0,TOYT,Prius,BLU,,,,,,,,,,,,
2458041,1306165,2,Driver,True,False,False,M,AIR BAG NOT DEPLOYED,G,OCCUPANT LAP SHOULDER HARNESS USED,CELL PHONE NOT IN USE,NONE APPARENT,,S,I-680,65.0,B,PROCEEDING STRAIGHT,A,HAD NOT BEEN DRINKING,,,F,FEMALE,36.0,C,CA,W,WHITE,1.0,PassengerCarStationWagonJeep,2006.0,NISS,Sentra,WHI,,,,,,,,,,,,
2458040,1306165,1,Driver,,False,False,M,AIR BAG NOT DEPLOYED,G,OCCUPANT LAP SHOULDER HARNESS USED,CELL PHONE NOT IN USE,NONE APPARENT,,S,I-680,65.0,A,STOPPED,A,HAD NOT BEEN DRINKING,,,M,MALE,56.0,C,CA,A,ASIAN,8.0,MiniVan,2003.0,DODG,Caravan,SIL,,,,,,,,,,,,
2458036,1306162,4,Driver,,False,False,M,AIR BAG NOT DEPLOYED,G,OCCUPANT LAP SHOULDER HARNESS USED,CELL PHONE NOT IN USE,NONE APPARENT,,S,I-880,65.0,A,STOPPED,A,HAD NOT BEEN DRINKING,,,M,MALE,31.0,C,CA,H,HISPANIC,1.0,PassengerCarStationWagonJeep,2018.0,TOYO,Camry,BLK,,,,,,,,,,,,
2458035,1306162,3,Driver,,False,False,M,AIR BAG NOT DEPLOYED,G,OCCUPANT LAP SHOULDER HARNESS USED,CELL PHONE NOT IN USE,NONE APPARENT,,S,I-880,65.0,A,STOPPED,A,HAD NOT BEEN DRINKING,,,M,MALE,57.0,C,CA,H,HISPANIC,1.0,PassengerCarStationWagonJeep,2001.0,LEXU,ES300,WHI,,,,,,,,,,,,
2458034,1306162,2,Driver,,False,False,M,AIR BAG NOT DEPLOYED,G,OCCUPANT LAP SHOULDER HARNESS USED,CELL PHONE NOT IN USE,NONE APPARENT,,S,I-880,65.0,A,STOPPED,A,HAD NOT BEEN DRINKING,,,M,MALE,63.0,C,CA,A,ASIAN,1.0,PassengerCarStationWagonJeep,2014.0,MERB,E350,SIL,,,,,,,,,,,,
2458033,1306162,1,Driver,True,False,False,M,AIR BAG NOT DEPLOYED,G,OCCUPANT LAP SHOULDER HARNESS USED,CELL PHONE NOT IN USE,NONE APPARENT,,S,I-880,65.0,B,PROCEEDING STRAIGHT,A,HAD NOT BEEN DRINKING,,,M,MALE,60.0,C,CA,W,WHITE,22.0,PickupsAndPanels,2000.0,GMC,Sierra,MAR,,,,,,,,,,,,
2457828,1306059,1,Driver,True,False,False,M,AIR BAG NOT DEPLOYED,G,OCCUPANT LAP SHOULDER HARNESS USED,CELL PHONE NOT IN USE,NONE APPARENT,,S,I-280,65.0,B,PROCEEDING STRAIGHT,A,HAD NOT BEEN DRINKING,,,M,MALE,39.0,C,CA,H,HISPANIC,7.0,SportUtilityVehicle,2014.0,JEEP,Gr Cherokee,BLU,,,,,,,,,,,,
2457808,1306046,2,Driver,,False,False,M,AIR BAG NOT DEPLOYED,G,OCCUPANT LAP SHOULDER HARNESS USED,CELL PHONE NOT IN USE,NONE APPARENT,,S,I-280,65.0,B,PROCEEDING STRAIGHT,A,HAD NOT BEEN DRINKING,,,F,FEMALE,53.0,B,CA,W,WHITE,26.0,TwoAxleTruck,2018.0,FREI,M2,WHT,,,,,,,,,,,,
2457807,1306046,1,Driver,True,False,False,M,AIR BAG NOT DEPLOYED,G,OCCUPANT LAP SHOULDER HARNESS USED,CELL PHONE NOT IN USE,NONE APPARENT,,S,I-280,65.0,J,CHANGING LANES,A,HAD NOT BEEN DRINKING,,,F,FEMALE,55.0,,,H,HISPANIC,22.0,PickupsAndPanels,1998.0,DODGE,RAM,MAR,,,,,,,,,,,,
2457801,1306042,2,Driver,,False,False,M,AIR BAG NOT DEPLOYED,G,OCCUPANT LAP SHOULDER HARNESS USED,CELL PHONE NOT IN USE,NONE APPARENT,,S,I-680,65.0,B,PROCEEDING STRAIGHT,A,HAD NOT BEEN DRINKING,,,F,FEMALE,23.0,C,CA,O,OTHER,1.0,PassengerCarStationWagonJeep,1994.0,MAZDA,Miata,BLU,,,,,,,,,,,,
2457800,1306042,1,Driver,True,False,False,P,NOT REQUIRED,W,MOTOR BICYCLE DRIVER WITH HELMET,CELL PHONE NOT IN USE,NONE APPARENT,,S,I-680,65.0,B,PROCEEDING STRAIGHT,A,HAD NOT BEEN DRINKING,,,M,MALE,23.0,U,CA,H,HISPANIC,2.0,Motorcycle,2004.0,SUZI,GSXR,YEL,,,,,,,,,,,,
2457627,1305951,2,Driver,,False,False,M,AIR BAG NOT DEPLOYED,G,OCCUPANT LAP SHOULDER HARNESS USED,CELL PHONE NOT IN USE,NONE APPARENT,,S,US101,65.0,B,PROCEEDING STRAIGHT,A,HAD NOT BEEN DRINKING,,,M,MALE,24.0,C,CA,A,ASIAN,1.0,PassengerCarStationWagonJeep,2019.0,TOYT,Camry,BLK,,,,,,,,,,,,
2457626,1305951,1,Driver,True,False,False,L,AIR BAG DEPLOYED,G,OCCUPANT LAP SHOULDER HARNESS USED,CELL PHONE NOT IN USE,NONE APPARENT,,N,US101,65.0,R,OTHER,A,HAD NOT BEEN DRINKING,,,M,MALE,17.0,U,CA,H,HISPANIC,1.0,PassengerCarStationWagonJeep,2005.0,ACUR,TSX,SIL,,,,,,,,,,,,
2457068,1305637,2,Driver,,False,False,M,AIR BAG NOT DEPLOYED,G,OCCUPANT LAP SHOULDER HARNESS USED,CELL PHONE NOT IN USE,ENTERING OR LEAVING RAMP,,S,US101 ,65.0,B,PROCEEDING STRAIGHT,A,HAD NOT BEEN DRINKING,,,M,MALE,27.0,C,CA,W,WHITE,1.0,PassengerCarStationWagonJeep,2020.0,HOND,Civic,GRY,,,,,,,,,,,,
2457067,1305637,1,Driver,True,False,False,L,AIR BAG DEPLOYED,G,OCCUPANT LAP SHOULDER HARNESS USED,CELL PHONE NOT IN USE,NONE APPARENT,,S,US 101 ,65.0,R,OTHER,A,HAD NOT BEEN DRINKING,,,M,MALE,21.0,C,CA,H,HISPANIC,1.0,PassengerCarStationWagonJeep,2006.0,FORD,Mustang,SIL,,,,,,,,,,,,
2457055,1305631,2,Driver,,False,False,M,AIR BAG NOT DEPLOYED,G,OCCUPANT LAP SHOULDER HARNESS USED,CELL PHONE NOT IN USE,NONE APPARENT,,N,US101,65.0,B,PROCEEDING STRAIGHT,A,HAD NOT BEEN DRINKING,,,M,MALE,51.0,C,CA,H,HISPANIC,22.0,PickupsAndPanels,2015.0,CHEV,Silverado,WHI,,,,,,,,,,,,
2457054,1305631,1,Driver,True,False,False,M,AIR BAG NOT DEPLOYED,G,OCCUPANT LAP SHOULDER HARNESS USED,CELL PHONE NOT IN USE,NONE APPARENT,,N,US101,65.0,B,PROCEEDING STRAIGHT,A,HAD NOT BEEN DRINKING,,,M,MALE,23.0,C,CA,H,HISPANIC,1.0,PassengerCarStationWagonJeep,2016.0,HYUN,Elantra,SIL,,,,,,,,,,,,
2456858,1305522,2,Driver,True,False,False,M,AIR BAG NOT DEPLOYED,G,OCCUPANT LAP SHOULDER HARNESS USED,CELL PHONE NOT IN USE,NONE APPARENT,,N,I-280,65.0,R,OTHER,A,HAD NOT BEEN DRINKING,,,M,MALE,53.0,C,CA,H,HISPANIC,22.0,PickupsAndPanels,2019.0,RAM,5500,WHI,,35.0,UtilityTrailer,2018.0,NJF,FPRO,WHI,,,,,
2456857,1305522,1,Driver,,False,False,M,AIR BAG NOT DEPLOYED,G,OCCUPANT LAP SHOULDER HARNESS USED,CELL PHONE NOT IN USE,NONE APPARENT,,N,I-280,65.0,B,PROCEEDING STRAIGHT,A,HAD NOT BEEN DRINKING,,,F,FEMALE,56.0,C,CA,B,BLACK,7.0,SportUtilityVehicle,2009.0,MERZ,ML350,BLK,,,,,,,,,,,,
2456803,1305489,2,Driver,,False,False,M,AIR BAG NOT DEPLOYED,G,OCCUPANT LAP SHOULDER HARNESS USED,CELL PHONE NOT IN USE,NONE APPARENT,,N,i-280,65.0,B,PROCEEDING STRAIGHT,A,HAD NOT BEEN DRINKING,,,M,MALE,52.0,C,CA,H,HISPANIC,7.0,SportUtilityVehicle,2013.0,NISS,Rogue,BLK,,,,,,,,,,,,
2456802,1305489,1,Driver,True,False,True,L,AIR BAG DEPLOYED,B,OCCUPANT UNKNOWN,CELL PHONE NOT IN USE,NONE APPARENT,,N,I-280,65.0,B,PROCEEDING STRAIGHT,G,IMPAIRMENT_NOT_KNOWN,,,,,,,,,,1.0,PassengerCarStationWagonJeep,2016.0,MAZD,Mazda 6,BLU,,,,,,,,,,,,
2456781,1305478,1,Driver,True,False,False,M,AIR BAG NOT DEPLOYED,G,OCCUPANT LAP SHOULDER HARNESS USED,CELL PHONE NOT IN USE,ENTERING OR LEAVING RAMP,,S,I-880,65.0,R,OTHER,A,HAD NOT BEEN DRINKING,,,F,FEMALE,21.0,C,CA,H,HISPANIC,1.0,PassengerCarStationWagonJeep,2013.0,VOLK,Passat,BLK,,,,,,,,,,,,
2456452,1305302,2,Driver,,False,False,M,AIR BAG NOT DEPLOYED,G,OCCUPANT LAP SHOULDER HARNESS USED,CELL PHONE NOT IN USE,NONE APPARENT,,S,I-880,65.0,B,PROCEEDING STRAIGHT,A,HAD NOT BEEN DRINKING,,,F,FEMALE,34.0,C,CA,H,HISPANIC,8.0,MiniVan,2014.0,DODG,Odyssey,BLU,,,,,,,,,,,,
2456451,1305302,1,Driver,True,False,False,M,AIR BAG NOT DEPLOYED,G,OCCUPANT LAP SHOULDER HARNESS USED,CELL PHONE NOT IN USE,NONE APPARENT,,S,I-880,65.0,J,CHANGING LANES,A,HAD NOT BEEN DRINKING,,,F,FEMALE,22.0,C,CA,W,WHITE,1.0,PassengerCarStationWagonJeep,2016.0,HOND,Civic,BLK,,,,,,,,,,,,
2456440,1305295,2,Driver,,False,False,M,AIR BAG NOT DEPLOYED,G,OCCUPANT LAP SHOULDER HARNESS USED,CELL PHONE NOT IN USE,ENTERING OR LEAVING RAMP,,S,I-880,65.0,B,PROCEEDING STRAIGHT,A,HAD NOT BEEN DRINKING,,,M,MALE,61.0,C,CA,H,HISPANIC,1.0,PassengerCarStationWagonJeep,2006.0,AUDI,A8,GRY,,,,,,,,,,,,
2456439,1305295,1,Driver,,False,False,M,AIR BAG NOT DEPLOYED,G,OCCUPANT LAP SHOULDER HARNESS USED,CELL PHONE NOT IN USE,NONE APPARENT,,S,I-880,65.0,B,PROCEEDING STRAIGHT,A,HAD NOT BEEN DRINKING,,,M,MALE,42.0,C,CA,W,WHITE,7.0,SportUtilityVehicle,2020.0,VOLK,Tiguan,WHI,,,,,,,,,,,,
2456434,1305291,3,Driver,True,False,False,M,AIR BAG NOT DEPLOYED,G,OCCUPANT LAP SHOULDER HARNESS USED,CELL PHONE NOT IN USE,NONE APPARENT,,S,I-680,65.0,B,PROCEEDING STRAIGHT,A,HAD NOT BEEN DRINKING,,,F,FEMALE,22.0,F,IL,W,WHITE,7.0,SportUtilityVehicle,2008.0,TOYO,RAV4,BLU,,,,,,,,,,,,
2456433,1305291,2,Driver,,False,False,M,AIR BAG NOT DEPLOYED,G,OCCUPANT LAP SHOULDER HARNESS USED,CELL PHONE NOT IN USE,NONE APPARENT,,S,I-680,65.0,A,STOPPED,A,HAD NOT BEEN DRINKING,,,M,MALE,59.0,C,CA,W,WHITE,1.0,PassengerCarStationWagonJeep,2019.0,SUBA,Legacy,BLU,,,,,,,,,,,,
2456432,1305291,1,Driver,,False,False,M,AIR BAG NOT DEPLOYED,G,OCCUPANT LAP SHOULDER HARNESS USED,CELL PHONE NOT IN USE,NONE APPARENT,,S,I-680,65.0,A,STOPPED,A,HAD NOT BEEN DRINKING,,,M,MALE,54.0,C,CA,B,BLACK,7.0,SportUtilityVehicle,2018.0,FORD,Edge,BLU,,,,,,,,,,,,
2477084,1316747,1,Driver,True,False,False,M,AIR BAG NOT DEPLOYED,G,OCCUPANT LAP SHOULDER HARNESS USED,CELL PHONE NOT IN USE,NONE APPARENT,,W,SR-237,65.0,R,OTHER,A,HAD NOT BEEN DRINKING,,,M,MALE,33.0,C,CA,A,ASIAN,1.0,PassengerCarStationWagonJeep,2015.0,CHEVY,Camaro,BLK,,,,,,,,,,,,
2477078,1316743,4,Driver,,False,False,M,AIR BAG NOT DEPLOYED,G,OCCUPANT LAP SHOULDER HARNESS USED,CELL PHONE NOT IN USE,NONE APPARENT,,S,SR-85,65.0,H,SLOWING/STOPPING,A,HAD NOT BEEN DRINKING,,,F,FEMALE,24.0,C,CA,H,HISPANIC,1.0,PassengerCarStationWagonJeep,2007.0,LEXU,IS250,SIL,,,,,,,,,,,,
2477077,1316743,3,Driver,,False,False,M,AIR BAG NOT DEPLOYED,G,OCCUPANT LAP SHOULDER HARNESS USED,CELL PHONE NOT IN USE,NONE APPARENT,,S,SR-85,65.0,H,SLOWING/STOPPING,A,HAD NOT BEEN DRINKING,,,F,FEMALE,40.0,C,CA,H,HISPANIC,1.0,PassengerCarStationWagonJeep,2016.0,TOYO,Camry,BLK,,,,,,,,,,,,
2477076,1316743,2,Driver,,False,False,M,AIR BAG NOT DEPLOYED,G,OCCUPANT LAP SHOULDER HARNESS USED,CELL PHONE NOT IN USE,NONE APPARENT,,S,SR-85,65.0,H,SLOWING/STOPPING,A,HAD NOT BEEN DRINKING,,,M,MALE,59.0,C,CA,A,ASIAN,22.0,PickupsAndPanels,2009.0,SUZU,Equator,BLK,,,,,,,,,,,,
2477075,1316743,1,Driver,True,False,False,M,AIR BAG NOT DEPLOYED,G,OCCUPANT LAP SHOULDER HARNESS USED,CELL PHONE NOT IN USE,NONE APPARENT,,S,SR-85,65.0,B,PROCEEDING STRAIGHT,A,HAD NOT BEEN DRINKING,,,M,MALE,39.0,C,CA,H,HISPANIC,22.0,PickupsAndPanels,2004.0,CHEV,Silverado,RED,,,,,,,,,,,,
2477015,1316711,2,Driver,,False,False,M,AIR BAG NOT DEPLOYED,G,OCCUPANT LAP SHOULDER HARNESS USED,CELL PHONE NOT IN USE,NONE APPARENT,,S,SR-85,65.0,H,SLOWING/STOPPING,A,HAD NOT BEEN DRINKING,,,F,FEMALE,52.0,C,CA,A,ASIAN,8.0,MiniVan,2017.0,TOYO,Sienna,GRY,,,,,,,,,,,,
2477014,1316711,1,Driver,True,False,False,M,AIR BAG NOT DEPLOYED,G,OCCUPANT LAP SHOULDER HARNESS USED,CELL PHONE NOT IN USE,NONE APPARENT,,S,SR-85,65.0,B,PROCEEDING STRAIGHT,A,HAD NOT BEEN DRINKING,,,F,FEMALE,22.0,C,CA,W,WHITE,1.0,PassengerCarStationWagonJeep,2006.0,JEEP,Laredo,GLD,,,,,,,,,,,,
2476994,1316701,3,Driver,,False,False,M,AIR BAG NOT DEPLOYED,G,OCCUPANT LAP SHOULDER HARNESS USED,CELL PHONE NOT IN USE,NONE APPARENT,,N,US 101,65.0,A,STOPPED,A,HAD NOT BEEN DRINKING,,,F,FEMALE,52.0,C,CA,A,ASIAN,1.0,PassengerCarStationWagonJeep,2011.0,HONDA,Accord,GRY,,,,,,,,,,,,