PartyId,CollisionId,PartyNumber,PartyType,IsAtFault,IsOnDutyEmergencyVehicle,IsHitAndRun,AirbagCode,AirbagDescription,SafetyEquipmentCode,SafetyEquipmentDescription,Special Information,Other Associate Factor,Inattention,DirectionOfTravel,StreetOrHighwayName,SpeedLimit,MovementPrecCollCode,MovementPrecCollDescription,SobrietyDrugPhysicalCode1,SobrietyDrugPhysicalDescription1,SobrietyDrugPhysicalCode2,SobrietyDrugPhysicalDescription2,GenderCode,GenderDescription,StatedAge,DriverLicenseClass,DriverLicenseStateCode,RaceCode,RaceDesc,Vehicle1TypeId, Vehicle1TypeDesc, Vehicle1Year,Vehicle1Make,Vehicle1Model,Vehicle1Color,V1IsVehicleTowed,Vehicle2TypeId, Vehicle2TypeDesc, Vehicle2Year,Vehicle2Make,Vehicle2Model,Vehicle2Color,V2IsVehicleTowed,Lane,ThruLanes,TotalLanes,IsDREConducted
10633707,2922445,2,Driver,,False,,P,NOT REQUIRED,A,OCCUPANT NONE IN VEHICLE,,,,E,,,B,PROCEEDING STRAIGHT,A,HAD NOT BEEN DRINKING,,,F,FEMALE,,,,A,ASIAN,,,,,,,,,,,,,,,,,,
10633706,2922445,1,Driver,True,False,,M,AIR BAG NOT DEPLOYED,G,OCCUPANT LAP SHOULDER HARNESS USED,,,,S,,,E,MAKING LEFT TURN,A,HAD NOT BEEN DRINKING,,,F,FEMALE,,,CA,W,WHITE,,,2018.0,CHEV,,,,,,,,,,,,,,
10633698,2922440,2,Driver,,False,,L,AIR BAG DEPLOYED,G,OCCUPANT LAP SHOULDER HARNESS USED,,NONE APPARENT,,S,,,B,PROCEEDING STRAIGHT,A,HAD NOT BEEN DRINKING,,,M,MALE,,F,CO,A,ASIAN,,,2020.0,CHEV,,,,,,,,,,,,,,
10633697,2922440,1,Driver,,False,,M,AIR BAG NOT DEPLOYED,G,OCCUPANT LAP SHOULDER HARNESS USED,,NONE APPARENT,,W,,,B,PROCEEDING STRAIGHT,A,HAD NOT BEEN DRINKING,,,F,FEMALE,,,CA,A,ASIAN,,,2000.0,ACUR,,,,,,,,,,,,,,
10633692,2922437,2,Driver,,False,,L,AIR BAG DEPLOYED,G,OCCUPANT LAP SHOULDER HARNESS USED,,,,S,,,E,MAKING LEFT TURN,A,HAD NOT BEEN DRINKING,,,F,FEMALE,,,CA,W,WHITE,,,1997.0,BMWX,,,,,,,,,,,,,,
10633691,2922437,1,Driver,True,False,,L,AIR BAG DEPLOYED,G,OCCUPANT LAP SHOULDER HARNESS USED,,INATTENTION,OTHER,N,,,B,PROCEEDING STRAIGHT,A,HAD NOT BEEN DRINKING,,,M,MALE,,,CA,,,,,2015.0,HOND,,,,,,,,,,,,,,
10633687,2922434,2,Driver,,False,,M,AIR BAG NOT DEPLOYED,G,OCCUPANT LAP SHOULDER HARNESS USED,,,,N,,,B,PROCEEDING STRAIGHT,A,HAD NOT BEEN DRINKING,,,M,MALE,,,CA,H,HISPANIC,,,2016.0,FORD,,,,,,,,,,,,,,
10633686,2922434,1,Driver,True,False,,M,AIR BAG NOT DEPLOYED,G,OCCUPANT LAP SHOULDER HARNESS USED,,,,E,,,B,PROCEEDING STRAIGHT,A,HAD NOT BEEN DRINKING,,,M,MALE,,,CA,H,HISPANIC,,,,BMWX,,,,,,,,,,,,,,
10633678,2922429,3,Driver,,False,,M,AIR BAG NOT DEPLOYED,G,OCCUPANT LAP SHOULDER HARNESS USED,,NONE APPARENT,,E,,,H,SLOWING/STOPPING,A,HAD NOT BEEN DRINKING,,,M,MALE,,,CA,W,WHITE,,,2018.0,FORD,,,,,,,,,,,,,,
10633677,2922429,2,Driver,,False,,M,AIR BAG NOT DEPLOYED,G,OCCUPANT LAP SHOULDER HARNESS USED,,NONE APPARENT,,E,,,H,SLOWING/STOPPING,A,HAD NOT BEEN DRINKING,,,M,MALE,,,CA,A,ASIAN,,,2015.0,TOYO,,,,,,,,,,,,,,
10633676,2922429,1,Driver,True,False,,M,AIR BAG NOT DEPLOYED,G,OCCUPANT LAP SHOULDER HARNESS USED,,VC SECTION VIOLATED - 22350,,E,,,B,PROCEEDING STRAIGHT,G,IMPAIRMENT_NOT_KNOWN,,,F,FEMALE,,,CA,H,HISPANIC,,,2009.0,TOYO,,,,,,,,,,,,,,
10633666,2922425,2,Driver,,False,,N,OTHER,W,MOTOR BICYCLE DRIVER WITH HELMET,,,,E,,,B,PROCEEDING STRAIGHT,A,HAD NOT BEEN DRINKING,,,M,MALE,,,CA,A,ASIAN,,,2005.0,HOND,,,,,,,,,,,,,,
10633665,2922425,1,Driver,True,False,,N,OTHER,G,OCCUPANT LAP SHOULDER HARNESS USED,,,,E,,,D,MAKING RIGHT TURN,A,HAD NOT BEEN DRINKING,,,F,FEMALE,,,CA,A,ASIAN,,,2018.0,SUBA,,,,,,,,,,,,,,
10633659,2922421,3,Pedestrian,True,False,,,,,,,,,,,,R,OTHER,H,NOT APPLICABLE,,,M,MALE,,,,H,HISPANIC,60.0,Pedestrian,,,,,,,,,,,,,,,,
10633658,2922421,2,ParkedVehicle,,False,,,,,,,,,,,,O,PARKED,H,NOT APPLICABLE,,,,,,,,,,,,2003.0,MERC,,,,,,,,,,,,,,
10633657,2922421,1,Driver,,False,,M,AIR BAG NOT DEPLOYED,G,OCCUPANT LAP SHOULDER HARNESS USED,,VC SECTION VIOLATED - 22106,,E,,,F,MAKING U TURN,H,NOT APPLICABLE,,,F,FEMALE,,,CA,A,ASIAN,,,2008.0,HOND,,,,,,,,,,,,,,
10633648,2922417,2,Driver,,False,,P,NOT REQUIRED,V,MOTOR BICYCLE DRIVER NO HELMET,,NONE APPARENT,,E,,,G,BACKING,H,NOT APPLICABLE,,,F,FEMALE,,,CA,H,HISPANIC,,,,,,,,,,,,,,,,,,
10633647,2922417,1,Driver,,False,,M,AIR BAG NOT DEPLOYED,B,OCCUPANT UNKNOWN,CELL PHONE NOT IN USE,NONE APPARENT,,N,,,,,H,NOT APPLICABLE,,,M,MALE,,,CA,O,OTHER,,,2015.0,MERB,,,,,,,,,,,,,,
10633641,2922413,3,Driver,,False,,L,AIR BAG DEPLOYED,G,OCCUPANT LAP SHOULDER HARNESS USED,CELL PHONE NOT IN USE,,,,,,D,MAKING RIGHT TURN,A,HAD NOT BEEN DRINKING,,,M,MALE,,,CA,A,ASIAN,,,2011.0,MERB,,,,,,,,,,,,,,
10633640,2922413,2,Driver,,False,,L,AIR BAG DEPLOYED,G,OCCUPANT LAP SHOULDER HARNESS USED,CELL PHONE NOT IN USE,,,,,,B,PROCEEDING STRAIGHT,A,HAD NOT BEEN DRINKING,,,M,MALE,,,CA,O,OTHER,,,2018.0,MERB,,,,,,,,,,,,,,
10633639,2922413,1,Driver,True,False,,M,AIR BAG NOT DEPLOYED,G,OCCUPANT LAP SHOULDER HARNESS USED,CELL PHONE NOT IN USE,,,E,,,B,PROCEEDING STRAIGHT,A,HAD NOT BEEN DRINKING,,,M,MALE,,,CA,A,ASIAN,,,1998.0,LEXU,,,,,,,,,,,,,,
10633555,2922375,2,Driver,,False,,B,UNKNOWN,,,,NONE APPARENT,,W,,,D,MAKING RIGHT TURN,A,HAD NOT BEEN DRINKING,,,M,MALE,,,CA,H,HISPANIC,,,2013.0,FREIGHTLINER,,,,,,,,,,,,,,
10633554,2922375,1,Driver,True,False,,M,AIR BAG NOT DEPLOYED,B,OCCUPANT UNKNOWN,,NONE APPARENT,,W,,,D,MAKING RIGHT TURN,A,HAD NOT BEEN DRINKING,,,F,FEMALE,,,CA,H,HISPANIC,,,2007.0,HOND,,,,,,,,,,,,,,
10632786,2921960,2,Driver,,False,,,,,,,NONE APPARENT,,W,,,A,STOPPED,A,HAD NOT BEEN DRINKING,,,F,FEMALE,,,,A,ASIAN,,,2014.0,TOYOTA,,,,,,,,,,,,,,
10632785,2921960,1,Driver,True,False,,L,AIR BAG DEPLOYED,G,OCCUPANT LAP SHOULDER HARNESS USED,,NONE APPARENT,,W,,,,,A,HAD NOT BEEN DRINKING,,,F,FEMALE,,,CA,H,HISPANIC,,,1998.0,TOYOTA,,,,,,,,,,,,,,
10632784,2921959,2,ParkedVehicle,,False,,,,,,,,,,,,A,STOPPED,A,HAD NOT BEEN DRINKING,,,,,,,,,,,,2018.0,KIA,,,,,,,,,,,,,,
10632783,2921959,1,Driver,True,False,,M,AIR BAG NOT DEPLOYED,G,OCCUPANT LAP SHOULDER HARNESS USED,,INATTENTION,OTHER,N,,,B,PROCEEDING STRAIGHT,A,HAD NOT BEEN DRINKING,,,M,MALE,,,,A,ASIAN,,,2016.0,ACURA,,,,,,,,,,,,,,
10632782,2921958,2,Bicyclist,,False,,,,,,,NONE APPARENT,,,,,E,MAKING LEFT TURN,A,HAD NOT BEEN DRINKING,,,M,MALE,,,,W,WHITE,4.0,Bicycle,,,,,,,,,,,,,,,,
10632781,2921958,1,Driver,True,False,,M,AIR BAG NOT DEPLOYED,G,OCCUPANT LAP SHOULDER HARNESS USED,,NONE APPARENT,,,,,E,MAKING LEFT TURN,A,HAD NOT BEEN DRINKING,,,M,MALE,,,CA,W,WHITE,,,2006.0,CHEVROLET,,,,,,,,,,,,,,
10632777,2921956,2,Driver,,False,,L,AIR BAG DEPLOYED,G,OCCUPANT LAP SHOULDER HARNESS USED,CELL PHONE NOT IN USE,NONE APPARENT,,E,,,B,PROCEEDING STRAIGHT,A,HAD NOT BEEN DRINKING,,,M,MALE,,,CA,,,,,2010.0,TOYOTA,,,,,,,,,,,,,,
10632776,2921956,1,Driver,True,False,,L,AIR BAG DEPLOYED,G,OCCUPANT LAP SHOULDER HARNESS USED,CELL PHONE NOT IN USE,NONE APPARENT,,N,,,L,ENTERING TRAFFICD,A,HAD NOT BEEN DRINKING,,,M,MALE,,,CA,O,OTHER,,,2008.0,LEXUS,,,,,,,,,,,,,,
10632775,2921955,2,Driver,,False,,L,AIR BAG DEPLOYED,G,OCCUPANT LAP SHOULDER HARNESS USED,,,,E,,,B,PROCEEDING STRAIGHT,A,HAD NOT BEEN DRINKING,,,F,FEMALE,,,CA,,,,,2015.0,JEEP,,,,,,,,,,,,,,
10632774,2921955,1,Driver,True,False,,L,AIR BAG DEPLOYED,G,OCCUPANT LAP SHOULDER HARNESS USED,,,,N,,,B,PROCEEDING STRAIGHT,A,HAD NOT BEEN DRINKING,,,F,FEMALE,,,CA,,,,,2018.0,SUBARU,,,,,,,,,,,,,,
10632773,2921954,2,Driver,,False,,M,AIR BAG NOT DEPLOYED,G,OCCUPANT LAP SHOULDER HARNESS USED,,,,N,,,D,MAKING RIGHT TURN,A,HAD NOT BEEN DRINKING,,,F,FEMALE,,,CA,W,WHITE,,,2019.0,NISSAN,,,,,,,,,,,,,,
10632772,2921954,1,Bicyclist,True,False,,,,,,,,,S,,,Q,TRAVELLING WRONG WAY,A,HAD NOT BEEN DRINKING,,,F,FEMALE,,,,W,WHITE,4.0,Bicycle,,,,,,,,,,,,,,,,
10632769,2921952,2,Driver,,False,,L,AIR BAG DEPLOYED,G,OCCUPANT LAP SHOULDER HARNESS USED,,,,W,,,B,PROCEEDING STRAIGHT,A,HAD NOT BEEN DRINKING,,,M,MALE,,,CA,,,,,2011.0,ACURA,,,,,,,,,,,,,,
10632768,2921952,1,Driver,True,False,,L,AIR BAG DEPLOYED,G,OCCUPANT LAP SHOULDER HARNESS USED,,INATTENTION,OTHER,W,,,J,CHANGING LANES,A,HAD NOT BEEN DRINKING,,,F,FEMALE,,,CA,,,,,2017.0,LEXUS,,,,,,,,,,,,,,
10632767,2921951,2,ParkedVehicle,,False,,,,,,,NONE APPARENT,,,,,,,,,,,,,,,,,,,,2007.0,ACURA,,,,,,,,,,,,,,
10632766,2921951,1,Driver,True,False,,M,AIR BAG NOT DEPLOYED,G,OCCUPANT LAP SHOULDER HARNESS USED,,NONE APPARENT,,E,,,B,PROCEEDING STRAIGHT,G,IMPAIRMENT_NOT_KNOWN,,,M,MALE,,,CA,H,HISPANIC,,,2001.0,TOYOTA,,,,,,,,,,,,,,
10632765,2921950,2,Driver,,False,,P,NOT REQUIRED,A,OCCUPANT NONE IN VEHICLE,,,,W,,,B,PROCEEDING STRAIGHT,A,HAD NOT BEEN DRINKING,,,M,MALE,,,CA,,,,,2014.0,KAWK,,,,,,,,,,,,,,
10632764,2921950,1,Driver,True,False,,M,AIR BAG NOT DEPLOYED,G,OCCUPANT LAP SHOULDER HARNESS USED,,,,W,,,B,PROCEEDING STRAIGHT,A,HAD NOT BEEN DRINKING,,,M,MALE,,,CA,W,WHITE,,,2017.0,TESLA,,,,,,,,,,,,,,
10632761,2921948,2,Pedestrian,,False,,,,,,,NONE APPARENT,,E,,,B,PROCEEDING STRAIGHT,A,HAD NOT BEEN DRINKING,,,F,FEMALE,,,,W,WHITE,60.0,Pedestrian,,,,,,,,,,,,,,,,
10632760,2921948,1,Driver,,False,,M,AIR BAG NOT DEPLOYED,B,OCCUPANT UNKNOWN,,INATTENTION,OTHER,E,,,B,PROCEEDING STRAIGHT,A,HAD NOT BEEN DRINKING,,,M,MALE,,,CA,A,ASIAN,,,1992.0,TOYOTA,,,,,,,,,,,,,,
10632759,2921947,2,Driver,,False,,L,AIR BAG DEPLOYED,G,OCCUPANT LAP SHOULDER HARNESS USED,CELL PHONE NOT IN USE,,,W,,,D,MAKING RIGHT TURN,A,HAD NOT BEEN DRINKING,,,M,MALE,,,CA,H,HISPANIC,,,2004.0,CHEVROLET,,,,,,,,,,,,,,
10632758,2921947,1,Driver,True,False,,N,OTHER,G,OCCUPANT LAP SHOULDER HARNESS USED,CELL PHONE NOT IN USE,VC SECTION VIOLATED - 22350,,N,,,B,PROCEEDING STRAIGHT,A,HAD NOT BEEN DRINKING,,,F,FEMALE,,,CA,B,BLACK,,,2004.0,GMC,,,,,,,,,,,,,,
10632757,2921946,2,Driver,,False,,M,AIR BAG NOT DEPLOYED,B,OCCUPANT UNKNOWN,,NONE APPARENT,,W,,,A,STOPPED,A,HAD NOT BEEN DRINKING,,,F,FEMALE,,,,H,HISPANIC,,,2013.0,FORD,,,,,,,,,,,,,,
10632756,2921946,1,Driver,True,False,,M,AIR BAG NOT DEPLOYED,B,OCCUPANT UNKNOWN,,NONE APPARENT,,W,,,B,PROCEEDING STRAIGHT,A,HAD NOT BEEN DRINKING,,,M,MALE,,,CA,,,,,2002.0,FORD,,,,,,,,,,,,,,
10632753,2921944,2,Driver,,False,,M,AIR BAG NOT DEPLOYED,G,OCCUPANT LAP SHOULDER HARNESS USED,,NONE APPARENT,,E,,,B,PROCEEDING STRAIGHT,A,HAD NOT BEEN DRINKING,,,M,MALE,,,CA,H,HISPANIC,,,1996.0,TO,,,,,,,,,,,,,,
10632752,2921944,1,Bicyclist,True,False,,,,,,,NONE APPARENT,,W,,,B,PROCEEDING STRAIGHT,A,HAD NOT BEEN DRINKING,,,M,MALE,,,,H,HISPANIC,4.0,Bicycle,,,,,,,,,,,,,,,,
10632751,2921943,2,Driver,,False,,M,AIR BAG NOT DEPLOYED,G,OCCUPANT LAP SHOULDER HARNESS USED,,STOP & GO TRAFFIC,,N,,,B,PROCEEDING STRAIGHT,H,NOT APPLICABLE,,,M,MALE,,,CA,A,ASIAN,,,2014.0,TOYOTA,,,,,,,,,,,,,,
10632750,2921943,1,Driver,True,False,,L,AIR BAG DEPLOYED,G,OCCUPANT LAP SHOULDER HARNESS USED,,STOP & GO TRAFFIC,,N,,,H,SLOWING/STOPPING,H,NOT APPLICABLE,,,F,FEMALE,,,CA,H,HISPANIC,,,2015.0,TOYOTA,,,,,,,,,,,,,,
10632747,2921941,3,Driver,,False,,M,AIR BAG NOT DEPLOYED,G,OCCUPANT LAP SHOULDER HARNESS USED,,,,W,,,A,STOPPED,H,NOT APPLICABLE,,,F,FEMALE,,,CA,W,WHITE,,,2015.0,PORSCHE,,,,,,,,,,,,,,
10632746,2921941,2,Driver,,False,,M,AIR BAG NOT DEPLOYED,G,OCCUPANT LAP SHOULDER HARNESS USED,,,,W,,,A,STOPPED,H,NOT APPLICABLE,,,F,FEMALE,,,CA,W,WHITE,,,2016.0,NISSAN,,,,,,,,,,,,,,
10632745,2921941,1,Driver,True,False,,,,,,,,,W,,,B,PROCEEDING STRAIGHT,H,NOT APPLICABLE,,,F,FEMALE,,,CA,W,WHITE,,,2014.0,NISSAN,,,,,,,,,,,,,,
10632744,2921940,2,Driver,,False,,M,AIR BAG NOT DEPLOYED,G,OCCUPANT LAP SHOULDER HARNESS USED,,,,S,,,A,STOPPED,A,HAD NOT BEEN DRINKING,,,F,FEMALE,,,CA,O,OTHER,,,2009.0,TOYOTA,,,,,,,,,,,,,,
10632743,2921940,1,Bicyclist,True,False,,,,,,,,,W,,,B,PROCEEDING STRAIGHT,A,HAD NOT BEEN DRINKING,,,F,FEMALE,,,,A,ASIAN,4.0,Bicycle,,,,,,,,,,,,,,,,
10632740,2921938,2,Bicyclist,,False,,,,,,,,,W,,,B,PROCEEDING STRAIGHT,A,HAD NOT BEEN DRINKING,,,F,FEMALE,,,,O,OTHER,4.0,Bicycle,,,,,,,,,,,,,,,,
10632739,2921938,1,Driver,True,False,,M,AIR BAG NOT DEPLOYED,G,OCCUPANT LAP SHOULDER HARNESS USED,,NONE APPARENT,,N,,,D,MAKING RIGHT TURN,A,HAD NOT BEEN DRINKING,,,F,FEMALE,,,CA,H,HISPANIC,1.0,PassengerCarStationWagonJeep,2002.0,ACURA,,,,,,,,,,,,,,
10632738,2921937,2,Bicyclist,,False,,,,,,,,,W,,,L,ENTERING TRAFFICD,A,HAD NOT BEEN DRINKING,,,M,MALE,,,,W,WHITE,4.0,Bicycle,,,,,,,,,,,,,,,,
10632737,2921937,1,Driver,True,False,,,,,,,VC SECTION VIOLATED - 23152,,S,,,B,PROCEEDING STRAIGHT,B,HBD-UNDER INFLUENCE,,,F,FEMALE,,,CA,W,WHITE,,,2018.0,TOYOTA,,,,,,,,,,,,,,
10632736,2921936,2,Driver,,False,,L,AIR BAG DEPLOYED,G,OCCUPANT LAP SHOULDER HARNESS USED,,NONE APPARENT,,W,,,E,MAKING LEFT TURN,A,HAD NOT BEEN DRINKING,,,F,FEMALE,,,CA,W,WHITE,,,2017.0,MAZDA,,,,,,,,,,,,,,
10632735,2921936,1,Driver,True,False,,M,AIR BAG NOT DEPLOYED,G,OCCUPANT LAP SHOULDER HARNESS USED,,NONE APPARENT,,N,,,B,PROCEEDING STRAIGHT,A,HAD NOT BEEN DRINKING,,,F,FEMALE,,,CA,H,HISPANIC,,,2019.0,TOYOTA,,,,,,,,,,,,,,
10632734,2921935,2,Driver,,False,,L,AIR BAG DEPLOYED,C,OCCUPANT LAP BELT USED,CELL PHONE NOT IN USE,NONE APPARENT,,N,,,B,PROCEEDING STRAIGHT,A,HAD NOT BEEN DRINKING,,,F,FEMALE,,,CT,W,WHITE,,,2015.0,FORD,,,,,,,,,,,,,,
10632733,2921935,1,Driver,True,False,,L,AIR BAG DEPLOYED,C,OCCUPANT LAP BELT USED,CELL PHONE NOT IN USE,NONE APPARENT,,N,,,J,CHANGING LANES,A,HAD NOT BEEN DRINKING,,,M,MALE,,,CA,,,,,2006.0,CHEVROLET,,,,,,,,,,,,,,
10632730,2921933,2,Driver,,False,,M,AIR BAG NOT DEPLOYED,G,OCCUPANT LAP SHOULDER HARNESS USED,,NONE APPARENT,,W,,,A,STOPPED,A,HAD NOT BEEN DRINKING,,,M,MALE,,,CA,H,HISPANIC,,,2012.0,MERCEDES-BENZ,,,,,,,,,,,,,,
10632729,2921933,1,Driver,True,False,,M,AIR BAG NOT DEPLOYED,G,OCCUPANT LAP SHOULDER HARNESS USED,,NONE APPARENT,,W,,,B,PROCEEDING STRAIGHT,A,HAD NOT BEEN DRINKING,,,M,MALE,,,CA,H,HISPANIC,,,1997.0,MAZDA,,,,,,,,,,,,,,
10632728,2921932,2,Pedestrian,,False,,,,,,CELL PHONE NOT IN USE,NONE APPARENT,,N,,,B,PROCEEDING STRAIGHT,A,HAD NOT BEEN DRINKING,,,M,MALE,,,,H,HISPANIC,60.0,Pedestrian,,,,,,,,,,,,,,,,
10632727,2921932,1,Driver,True,False,,M,AIR BAG NOT DEPLOYED,G,OCCUPANT LAP SHOULDER HARNESS USED,CELL PHONE NOT IN USE,VC SECTION VIOLATED - 21451 A,,S,,,E,MAKING LEFT TURN,A,HAD NOT BEEN DRINKING,,,F,FEMALE,,,CA,,,,,2012.0,FORD,,,,,,,,,,,,,,
10632724,2921930,2,Driver,,False,,L,AIR BAG DEPLOYED,B,OCCUPANT UNKNOWN,,NONE APPARENT,,N,,,B,PROCEEDING STRAIGHT,A,HAD NOT BEEN DRINKING,,,M,MALE,,,CA,O,OTHER,,,2015.0,CHEVROLET,,,,,,,,,,,,,,
10632723,2921930,1,Driver,True,False,,L,AIR BAG DEPLOYED,B,OCCUPANT UNKNOWN,,INATTENTION,OTHER,W,,,B,PROCEEDING STRAIGHT,A,HAD NOT BEEN DRINKING,,,M,MALE,,,CA,A,ASIAN,,,2013.0,BMW,,,,,,,,,,,,,,
10632722,2921929,2,Driver,,False,,M,AIR BAG NOT DEPLOYED,G,OCCUPANT LAP SHOULDER HARNESS USED,,,,W,,,B,PROCEEDING STRAIGHT,A,HAD NOT BEEN DRINKING,,,M,MALE,,,CA,H,HISPANIC,,,2017.0,NISSAN,,,,,,,,,,,,,,
10632721,2921929,1,Driver,True,False,,M,AIR BAG NOT DEPLOYED,G,OCCUPANT LAP SHOULDER HARNESS USED,,,,S,,,B,PROCEEDING STRAIGHT,A,HAD NOT BEEN DRINKING,,,F,FEMALE,,,CA,A,ASIAN,,,2001.0,TOYOTA,,,,,,,,,,,,,,
10632720,2921928,3,Driver,,False,,,,,,CELL PHONE NOT IN USE,NONE APPARENT,,W,,,B,PROCEEDING STRAIGHT,A,HAD NOT BEEN DRINKING,,,M,MALE,,F,CO,O,OTHER,,,2016.0,TOYOTA,,,,,,,,,,,,,,
10632719,2921928,2,Driver,,False,,M,AIR BAG NOT DEPLOYED,G,OCCUPANT LAP SHOULDER HARNESS USED,CELL PHONE NOT IN USE,NONE APPARENT,,W,,,B,PROCEEDING STRAIGHT,A,HAD NOT BEEN DRINKING,,,F,FEMALE,,,CA,H,HISPANIC,,,2011.0,VOLKSWAGEN,,,,,,,,,,,,,,
10632718,2921928,1,Driver,True,False,,M,AIR BAG NOT DEPLOYED,G,OCCUPANT LAP SHOULDER HARNESS USED,CELL PHONE NOT IN USE,NONE APPARENT,,W,,,B,PROCEEDING STRAIGHT,A,HAD NOT BEEN DRINKING,,,M,MALE,,,,H,HISPANIC,,,2006.0,CHEVROLET,,,,,,,,,,,,,,
10632717,2921927,2,Pedestrian,,False,,,,,,CELL PHONE NOT IN USE,NONE APPARENT,,S,,,R,OTHER,G,IMPAIRMENT_NOT_KNOWN,,,M,MALE,,,,H,HISPANIC,60.0,Pedestrian,,,,,,,,,,,,,,,,
10632716,2921927,1,Driver,True,False,,M,AIR BAG NOT DEPLOYED,G,OCCUPANT LAP SHOULDER HARNESS USED,CELL PHONE NOT IN USE,VC SECTION VIOLATED - 12500 A,,W,,,B,PROCEEDING STRAIGHT,A,HAD NOT BEEN DRINKING,,,M,MALE,,,,H,HISPANIC,,,2015.0,NISS,,,,,,,,,,,,,,
10632713,2921924,2,Driver,,False,,M,AIR BAG NOT DEPLOYED,C,OCCUPANT LAP BELT USED,CELL PHONE NOT IN USE,NONE APPARENT,,W,,,E,MAKING LEFT TURN,D,HBD-IMPAIRMENT UNKNOWN,,,M,MALE,,,CA,,,,,2008.0,BMW,,,,,,,,,,,,,,
10632712,2921924,1,Bicyclist,True,False,,,,,,CELL PHONE NOT IN USE,VC SECTION VIOLATED - 21202 D / NONE APPARENT,,N,,,B,PROCEEDING STRAIGHT,B,HBD-UNDER INFLUENCE,,,M,MALE,,,,,,4.0,Bicycle,,,,,,,,,,,,,,,,
10632711,2921925,1,Driver,True,False,,L,AIR BAG DEPLOYED,B,OCCUPANT UNKNOWN,,,,N,,,B,PROCEEDING STRAIGHT,G,IMPAIRMENT_NOT_KNOWN,,,M,MALE,,,CA,H,HISPANIC,,,2017.0,HONDA,,,,,,,,,,,,,,
10632710,2921923,2,Driver,,False,,M,AIR BAG NOT DEPLOYED,B,OCCUPANT UNKNOWN,,NONE APPARENT,,W,,,A,STOPPED,A,HAD NOT BEEN DRINKING,,,M,MALE,,,CA,,,,,2014.0,HYUNDAI,,,,,,,,,,,,,,
10632709,2921922,2,Driver,,False,,L,AIR BAG DEPLOYED,G,OCCUPANT LAP SHOULDER HARNESS USED,,NONE APPARENT,,E,,,B,PROCEEDING STRAIGHT,A,HAD NOT BEEN DRINKING,,,F,FEMALE,,,CA,W,WHITE,,,2001.0,TO,,,,,,,,,,,,,,
10632708,2921923,1,Driver,True,False,,,,A,OCCUPANT NONE IN VEHICLE,,NONE APPARENT,,W,,,B,PROCEEDING STRAIGHT,A,HAD NOT BEEN DRINKING,,,M,MALE,,,CA,W,WHITE,,,2006.0,SUZUKI,,,,,,,,,,,,,,
10632707,2921922,1,Driver,True,False,,L,AIR BAG DEPLOYED,G,OCCUPANT LAP SHOULDER HARNESS USED,,NONE APPARENT,,S,,,B,PROCEEDING STRAIGHT,A,HAD NOT BEEN DRINKING,,,F,FEMALE,,,CA,H,HISPANIC,,,1997.0,NISS,,,,,,,,,,,,,,
10632704,2921920,1,Driver,True,False,,P,NOT REQUIRED,U,CHILD RESTRAINT NONE IN VEHICLE,,NONE APPARENT,,S,,,B,PROCEEDING STRAIGHT,A,HAD NOT BEEN DRINKING,,,M,MALE,,,CA,H,HISPANIC,,,2013.0,KAWK,,,,,,,,,,,,,,
10632702,2921918,2,Driver,,False,,M,AIR BAG NOT DEPLOYED,G,OCCUPANT LAP SHOULDER HARNESS USED,,NONE APPARENT,,S,,,B,PROCEEDING STRAIGHT,A,HAD NOT BEEN DRINKING,,,M,MALE,,,CA,,,,,1991.0,HONDA,,,,,,,,,,,,,,
10632701,2921918,1,Driver,True,False,,M,AIR BAG NOT DEPLOYED,G,OCCUPANT LAP SHOULDER HARNESS USED,,NONE APPARENT,,W,,,E,MAKING LEFT TURN,A,HAD NOT BEEN DRINKING,,,F,FEMALE,,,,H,HISPANIC,,,2004.0,SCION,,,,,,,,,,,,,,
10632700,2921917,2,Pedestrian,,False,,,,,,,NONE APPARENT,,S,,,R,OTHER,A,HAD NOT BEEN DRINKING,,,M,MALE,,,,,,60.0,Pedestrian,,,,,,,,,,,,,,,,
10632699,2921917,1,Driver,True,False,,M,AIR BAG NOT DEPLOYED,G,OCCUPANT LAP SHOULDER HARNESS USED,,NONE APPARENT,,S,,,B,PROCEEDING STRAIGHT,A,HAD NOT BEEN DRINKING,,,F,FEMALE,,,CA,W,WHITE,,,2014.0,DODGE,,,,,,,,,,,,,,
10632698,2921916,2,Pedestrian,,False,,,,,,,,,S,,,R,OTHER,G,IMPAIRMENT_NOT_KNOWN,,,M,MALE,,,,W,WHITE,60.0,Pedestrian,,,,,,,,,,,,,,,,
10632697,2921916,1,Driver,True,False,,,,,,,VC SECTION VIOLATED - 22350 A,,E,,,,,G,IMPAIRMENT_NOT_KNOWN,,,,,,,,,,,,,,,,,,,,,,,,,,,
10632696,2921915,2,Driver,,False,,M,AIR BAG NOT DEPLOYED,G,OCCUPANT LAP SHOULDER HARNESS USED,CELL PHONE NOT IN USE,NONE APPARENT,,N,,,D,MAKING RIGHT TURN,A,HAD NOT BEEN DRINKING,,,M,MALE,,,CA,W,WHITE,,,2012.0,FORD,,,,,,,,,,,,,,
10632695,2921915,1,Driver,True,False,,L,AIR BAG DEPLOYED,G,OCCUPANT LAP SHOULDER HARNESS USED,CELL PHONE NOT IN USE,VC SECTION VIOLATED - 21703 / INATTENTION,OTHER,N,,,B,PROCEEDING STRAIGHT,A,HAD NOT BEEN DRINKING,I,SLEEPY/FATIGUED,M,MALE,,,,W,WHITE,,,2018.0,JEEP,,,,,,,,,,,,,,
10632694,2921914,2,Driver,,False,,L,AIR BAG DEPLOYED,G,OCCUPANT LAP SHOULDER HARNESS USED,,NONE APPARENT,,S,,,B,PROCEEDING STRAIGHT,A,HAD NOT BEEN DRINKING,,,F,FEMALE,,,CA,,,,,2009.0,TOYOTA,,,,,,,,,,,,,,
10632693,2921914,1,Driver,True,False,,M,AIR BAG NOT DEPLOYED,G,OCCUPANT LAP SHOULDER HARNESS USED,,NONE APPARENT,,N,,,E,MAKING LEFT TURN,A,HAD NOT BEEN DRINKING,,,F,FEMALE,,,CA,A,ASIAN,,,2000.0,TOYOTA,,,,,,,,,,,,,,