PartyId,CollisionId,PartyNumber,PartyType,IsAtFault,IsOnDutyEmergencyVehicle,IsHitAndRun,AirbagCode,AirbagDescription,SafetyEquipmentCode,SafetyEquipmentDescription,Special Information,Other Associate Factor,Inattention,DirectionOfTravel,StreetOrHighwayName,SpeedLimit,MovementPrecCollCode,MovementPrecCollDescription,SobrietyDrugPhysicalCode1,SobrietyDrugPhysicalDescription1,SobrietyDrugPhysicalCode2,SobrietyDrugPhysicalDescription2,GenderCode,GenderDescription,StatedAge,DriverLicenseClass,DriverLicenseStateCode,RaceCode,RaceDesc,Vehicle1TypeId, Vehicle1TypeDesc, Vehicle1Year,Vehicle1Make,Vehicle1Model,Vehicle1Color,V1IsVehicleTowed,Vehicle2TypeId, Vehicle2TypeDesc, Vehicle2Year,Vehicle2Make,Vehicle2Model,Vehicle2Color,V2IsVehicleTowed,Lane,ThruLanes,TotalLanes,IsDREConducted
10728498,2969785,2,Bicyclist,,False,,,,,,,,,N,,,B,PROCEEDING STRAIGHT,A,HAD NOT BEEN DRINKING,,,M,MALE,,,,A,ASIAN,4.0,Bicycle,,,,,,,,,,,,,,,,
10728497,2969785,1,Driver,True,False,,M,AIR BAG NOT DEPLOYED,B,OCCUPANT UNKNOWN,,,,E,,,B,PROCEEDING STRAIGHT,A,HAD NOT BEEN DRINKING,,,F,FEMALE,,,CA,A,ASIAN,,,2018.0,SUBARU,,,,,,,,,,,,,,
10728496,2969784,3,ParkedVehicle,,False,,,,,,,,,,,,O,PARKED,,,,,,,,,,,,,,2001.0,LEXUS,,,,,,,,,,,,,,
10728495,2969784,2,ParkedVehicle,,False,,,,,,,,,,,,O,PARKED,,,,,,,,,,,,,,2015.0,CHEVROLET,,,,,,,,,,,,,,
10728494,2969784,1,Driver,True,False,,L,AIR BAG DEPLOYED,C,OCCUPANT LAP BELT USED,,VC SECTION VIOLATED - 22350,,E,,,E,MAKING LEFT TURN,A,HAD NOT BEEN DRINKING,,,M,MALE,,,CA,W,WHITE,,,2002.0,MERCEDES-BENZ,,,,,,,,,,,,,,
10728493,2969783,2,Pedestrian,,False,,,,,,,,,E,,,B,PROCEEDING STRAIGHT,A,HAD NOT BEEN DRINKING,,,F,FEMALE,,,,,,60.0,Pedestrian,,,,,,,,,,,,,,,,
10728492,2969783,1,Driver,True,False,,M,AIR BAG NOT DEPLOYED,G,OCCUPANT LAP SHOULDER HARNESS USED,,,,N,,,B,PROCEEDING STRAIGHT,A,HAD NOT BEEN DRINKING,,,M,MALE,,,CA,B,BLACK,,,2007.0,BMW,,,,,,,,,,,,,,
10728491,2969782,2,Driver,,False,,M,AIR BAG NOT DEPLOYED,G,OCCUPANT LAP SHOULDER HARNESS USED,,NONE APPARENT,,E,,,B,PROCEEDING STRAIGHT,A,HAD NOT BEEN DRINKING,,,F,FEMALE,,,CA,,,,,2010.0,TOYOTA,,,,,,,,,,,,,,
10728490,2969782,1,Driver,True,False,,M,AIR BAG NOT DEPLOYED,G,OCCUPANT LAP SHOULDER HARNESS USED,,NONE APPARENT,,W,,,E,MAKING LEFT TURN,A,HAD NOT BEEN DRINKING,,,M,MALE,,,CA,W,WHITE,,,2016.0,HYUNDAI,,,,,,,,,,,,,,
10728489,2969781,1,Driver,,False,,L,AIR BAG DEPLOYED,G,OCCUPANT LAP SHOULDER HARNESS USED,,,,S,,,B,PROCEEDING STRAIGHT,A,HAD NOT BEEN DRINKING,,,M,MALE,,,CA,H,HISPANIC,,,2004.0,CHEVROLET,,,,,,,,,,,,,,
10728488,2969780,2,Driver,,False,,M,AIR BAG NOT DEPLOYED,G,OCCUPANT LAP SHOULDER HARNESS USED,,NONE APPARENT,,E,,,B,PROCEEDING STRAIGHT,A,HAD NOT BEEN DRINKING,,,F,FEMALE,,,CA,H,HISPANIC,,,,CHRYSLER,,,,,,,,,,,,,,
10728487,2969780,1,Driver,True,False,,M,AIR BAG NOT DEPLOYED,G,OCCUPANT LAP SHOULDER HARNESS USED,,NONE APPARENT,,W,,,E,MAKING LEFT TURN,A,HAD NOT BEEN DRINKING,,,F,FEMALE,,,CA,,,,,2016.0,HONDA,,,,,,,,,,,,,,
10728486,2969779,2,Pedestrian,,False,,,,,,,NONE APPARENT,,W,,,B,PROCEEDING STRAIGHT,A,HAD NOT BEEN DRINKING,,,F,FEMALE,,,,H,HISPANIC,60.0,Pedestrian,,,,,,,,,,,,,,,,
10728485,2969779,1,Driver,True,False,,M,AIR BAG NOT DEPLOYED,B,OCCUPANT UNKNOWN,,NONE APPARENT,,S,,,E,MAKING LEFT TURN,A,HAD NOT BEEN DRINKING,,,M,MALE,,,CA,O,OTHER,,,2008.0,PONTIAC,,,,,,,,,,,,,,
10728484,2969778,2,Driver,,False,,M,AIR BAG NOT DEPLOYED,G,OCCUPANT LAP SHOULDER HARNESS USED,CELL PHONE NOT IN USE,NONE APPARENT,,N,,,B,PROCEEDING STRAIGHT,A,HAD NOT BEEN DRINKING,,,F,FEMALE,,,,H,HISPANIC,,,2019.0,HYUNDAI,,,,,,,,,,,,,,
10728483,2969778,1,Driver,True,False,,L,AIR BAG DEPLOYED,E,OCCUPANT SHOULDER HARNESS USED,CELL PHONE NOT IN USE,NONE APPARENT,,W,,,B,PROCEEDING STRAIGHT,A,HAD NOT BEEN DRINKING,,,M,MALE,,,CA,A,ASIAN,,,2003.0,MERCEDES-BENZ,,,,,,,,,,,,,,
10728482,2969777,2,ParkedVehicle,,False,,,,,,,,,,,,,,,,,,,,,,,,,,,2018.0,BMW,,,,,,,,,,,,,,
10728481,2969777,1,Driver,True,False,,L,AIR BAG DEPLOYED,B,OCCUPANT UNKNOWN,,NONE APPARENT,,N,,,B,PROCEEDING STRAIGHT,A,HAD NOT BEEN DRINKING,,,M,MALE,,,CA,,,,,2017.0,NISSAN,,,,,,,,,,,,,,
10728480,2969776,4,Driver,,False,,L,AIR BAG DEPLOYED,G,OCCUPANT LAP SHOULDER HARNESS USED,,,,W,,,,,,,,,M,MALE,,,CA,A,ASIAN,,,2016.0,MAZDA,,,,,,,,,,,,,,
10728479,2969776,3,Driver,,False,,L,AIR BAG DEPLOYED,G,OCCUPANT LAP SHOULDER HARNESS USED,,,,N,,,,,,,,,M,MALE,,,CA,W,WHITE,,,2016.0,CHEVROLET,,,,,,,,,,,,,,
10728478,2969776,2,Driver,,False,,L,AIR BAG DEPLOYED,G,OCCUPANT LAP SHOULDER HARNESS USED,,,,W,,,,,,,,,M,MALE,,,CA,H,HISPANIC,,,2003.0,NISSAN,,,,,,,,,,,,,,
10728477,2969776,1,Driver,True,False,,,,,,,,,,,,,,,,,,,,,,,,,,,2008.0,MERCEDES-BENZ,,,,,,,,,,,,,,
10728476,2969775,2,Driver,,False,,M,AIR BAG NOT DEPLOYED,B,OCCUPANT UNKNOWN,,,,N,,,E,MAKING LEFT TURN,H,NOT APPLICABLE,,,F,FEMALE,,,,H,HISPANIC,,,2010.0,HYUNDAI,,,,,,,,,,,,,,
10728475,2969775,1,Driver,,False,,L,AIR BAG DEPLOYED,C,OCCUPANT LAP BELT USED,,,,W,,,B,PROCEEDING STRAIGHT,H,NOT APPLICABLE,,,M,MALE,,,CA,,,,,2013.0,ACURA,,,,,,,,,,,,,,
10728474,2969774,3,ParkedVehicle,,False,,,,,,,NONE APPARENT,,,,,O,PARKED,,,,,,,,,,,,,,2007.0,VOLKSWAGEN,,,,,,,,,,,,,,
10728473,2969774,2,ParkedVehicle,,False,,,,,,,NONE APPARENT,,,,,O,PARKED,,,,,,,,,,,,,,,MAZDA,,,,,,,,,,,,,,
10728472,2969774,1,Driver,True,False,,L,AIR BAG DEPLOYED,G,OCCUPANT LAP SHOULDER HARNESS USED,,VC SECTION VIOLATED - 23152 B,,S,,,B,PROCEEDING STRAIGHT,B,HBD-UNDER INFLUENCE,,,F,FEMALE,,,CA,W,WHITE,,,2019.0,JEEP,,,,,,,,,,,,,,
10728471,2969773,2,Driver,,False,,L,AIR BAG DEPLOYED,G,OCCUPANT LAP SHOULDER HARNESS USED,,NONE APPARENT,,N,,,B,PROCEEDING STRAIGHT,D,HBD-IMPAIRMENT UNKNOWN,,,M,MALE,,,CA,A,ASIAN,,,2019.0,CHEVROLET,,,,,,,,,,,,,,
10728470,2969773,1,Driver,True,False,,L,AIR BAG DEPLOYED,G,OCCUPANT LAP SHOULDER HARNESS USED,,NONE APPARENT,,E,,,E,MAKING LEFT TURN,D,HBD-IMPAIRMENT UNKNOWN,,,F,FEMALE,,,CA,A,ASIAN,,,2019.0,LEXUS,,,,,,,,,,,,,,
10728402,2969740,2,Driver,,False,,M,AIR BAG NOT DEPLOYED,G,OCCUPANT LAP SHOULDER HARNESS USED,,NONE APPARENT,,E,,,B,PROCEEDING STRAIGHT,G,IMPAIRMENT_NOT_KNOWN,,,M,MALE,,,CA,H,HISPANIC,,,2017.0,FORD,,,,,,,,,,,,,,
10728401,2969740,1,Driver,True,False,,L,AIR BAG DEPLOYED,G,OCCUPANT LAP SHOULDER HARNESS USED,,NONE APPARENT,,N,,,E,MAKING LEFT TURN,G,IMPAIRMENT_NOT_KNOWN,,,F,FEMALE,,,,W,WHITE,,,2020.0,NISSAN,,,,,,,,,,,,,,
10728400,2969739,2,Driver,,False,,L,AIR BAG DEPLOYED,G,OCCUPANT LAP SHOULDER HARNESS USED,,,,,,,B,PROCEEDING STRAIGHT,A,HAD NOT BEEN DRINKING,,,F,FEMALE,,,CA,W,WHITE,,,2013.0,HONDA,,,,,,,,,,,,,,
10728399,2969739,1,Driver,True,False,,L,AIR BAG DEPLOYED,G,OCCUPANT LAP SHOULDER HARNESS USED,,,,N,,,E,MAKING LEFT TURN,A,HAD NOT BEEN DRINKING,,,M,MALE,,,,H,HISPANIC,,,2004.0,HONDA,,,,,,,,,,,,,,
10728396,2969737,2,Driver,,False,,M,AIR BAG NOT DEPLOYED,G,OCCUPANT LAP SHOULDER HARNESS USED,CELL PHONE NOT IN USE,NONE APPARENT,,,,,G,BACKING,A,HAD NOT BEEN DRINKING,,,M,MALE,,,CA,B,BLACK,,,2017.0,MERCEDES-BENZ,,,,,,,,,,,,,,
10728395,2969737,1,Driver,True,False,,M,AIR BAG NOT DEPLOYED,G,OCCUPANT LAP SHOULDER HARNESS USED,CELL PHONE NOT IN USE,NONE APPARENT,,,,,G,BACKING,A,HAD NOT BEEN DRINKING,,,M,MALE,,,,H,HISPANIC,,,2007.0,CHEVROLET,,,,,,,,,,,,,,
10728031,2969546,2,ParkedVehicle,,False,,,,,,,NONE APPARENT,,,,,O,PARKED,H,NOT APPLICABLE,,,,,,,,,,,,2015.0,FORD,,,,,,,,,,,,,,
10728030,2969546,1,Driver,,False,,,,,,,NONE APPARENT,,E,,,B,PROCEEDING STRAIGHT,G,IMPAIRMENT_NOT_KNOWN,,,M,MALE,,,CA,W,WHITE,,,2005.0,HONDA,,,,,,,,,,,,,,
10727478,2969281,2,Other,,False,,,,,,,,,S,,,,,,,,,,,,,,,,,,,,,,,,,,,,,,,,,
10727477,2969281,1,Driver,True,False,,L,AIR BAG DEPLOYED,C,OCCUPANT LAP BELT USED,,VC SECTION VIOLATED - 22350,,E,,,D,MAKING RIGHT TURN,D,HBD-IMPAIRMENT UNKNOWN,,,M,MALE,,,CA,W,WHITE,,,2011.0,INTERNATIONAL HARVESTER,,,,,,,,,,,,,,
10727245,2969168,2,Driver,,False,,M,AIR BAG NOT DEPLOYED,B,OCCUPANT UNKNOWN,,NONE APPARENT,,W,,,B,PROCEEDING STRAIGHT,H,NOT APPLICABLE,,,U,UNKNOWN,,,CA,W,WHITE,,,1997.0,ACURA,,,,,,,,,,,,,,
10727244,2969168,1,Driver,True,False,,M,AIR BAG NOT DEPLOYED,B,OCCUPANT UNKNOWN,,VISION OBSCUREMENT,,,,,J,CHANGING LANES,H,NOT APPLICABLE,,,F,FEMALE,,,CA,B,BLACK,,,2018.0,NISSAN,,,,,,,,,,,,,,
10727243,2969167,2,Driver,,False,,M,AIR BAG NOT DEPLOYED,G,OCCUPANT LAP SHOULDER HARNESS USED,CELL PHONE NOT IN USE,NONE APPARENT,,,,,A,STOPPED,A,HAD NOT BEEN DRINKING,,,F,FEMALE,,,CA,H,HISPANIC,,,2011.0,NISSAN,,,,,,,,,,,,,,
10727242,2969167,1,Driver,True,False,,L,AIR BAG DEPLOYED,G,OCCUPANT LAP SHOULDER HARNESS USED,CELL PHONE NOT IN USE,NONE APPARENT,,,,,B,PROCEEDING STRAIGHT,A,HAD NOT BEEN DRINKING,,,F,FEMALE,,,CA,A,ASIAN,,,2003.0,JEEP,,,,,,,,,,,,,,
10727241,2969166,2,Driver,,False,,L,AIR BAG DEPLOYED,G,OCCUPANT LAP SHOULDER HARNESS USED,CELL PHONE NOT IN USE,,,W,,,B,PROCEEDING STRAIGHT,A,HAD NOT BEEN DRINKING,,,F,FEMALE,,,CA,H,HISPANIC,,,2016.0,TOYOTA,,,,,,,,,,,,,,
10727240,2969166,1,Driver,True,False,,L,AIR BAG DEPLOYED,G,OCCUPANT LAP SHOULDER HARNESS USED,CELL PHONE NOT IN USE,INATTENTION,OTHER,S,,,B,PROCEEDING STRAIGHT,A,HAD NOT BEEN DRINKING,,,U,UNKNOWN,,,,O,OTHER,,,2015.0,JEEP,,,,,,,,,,,,,,
10727239,2969165,2,Driver,,False,,M,AIR BAG NOT DEPLOYED,Q,CHILD IN VEHICLE USED,CELL PHONE NOT IN USE,NONE APPARENT,,,,,B,PROCEEDING STRAIGHT,A,HAD NOT BEEN DRINKING,,,F,FEMALE,,,CA,,,,,2013.0,HONDA,,,,,,,,,,,,,,
10727238,2969165,1,Pedestrian,True,False,,,,,,CELL PHONE NOT IN USE,NONE APPARENT,,S,,,L,ENTERING TRAFFICD,G,IMPAIRMENT_NOT_KNOWN,,,M,MALE,,,,B,BLACK,60.0,Pedestrian,,,,,,,,,,,,,,,,
10727237,2969164,3,ParkedVehicle,,False,,,,,,,,,,,,O,PARKED,H,NOT APPLICABLE,,,,,,,,,,,,2000.0,CHEVROLET,,,,,,,,,,,,,,
10727236,2969164,2,Driver,,False,,L,AIR BAG DEPLOYED,G,OCCUPANT LAP SHOULDER HARNESS USED,,UNINVOLVED VEHICLE,,N,,,B,PROCEEDING STRAIGHT,A,HAD NOT BEEN DRINKING,,,M,MALE,,,CA,B,BLACK,,,2013.0,MERCEDES-BENZ,,,,,,,,,,,,,,
10727235,2969164,1,Driver,True,False,,L,AIR BAG DEPLOYED,H,OCCUPANT LAP SHOULDER HARNESS NOT USED,,,,N,,,F,MAKING U TURN,A,HAD NOT BEEN DRINKING,,,F,FEMALE,,,CA,O,OTHER,,,2016.0,HONDA,,,,,,,,,,,,,,
10727234,2969163,2,Driver,,False,,L,AIR BAG DEPLOYED,G,OCCUPANT LAP SHOULDER HARNESS USED,,,,W,,,D,MAKING RIGHT TURN,A,HAD NOT BEEN DRINKING,,,F,FEMALE,,,CA,H,HISPANIC,,,2001.0,ACURA,,,,,,,,,,,,,,
10727233,2969163,1,Driver,True,False,,L,AIR BAG DEPLOYED,G,OCCUPANT LAP SHOULDER HARNESS USED,,VC SECTION VIOLATED - 22350,,W,,,B,PROCEEDING STRAIGHT,A,HAD NOT BEEN DRINKING,,,M,MALE,,,,H,HISPANIC,,,2004.0,CHEVROLET,,,,,,,,,,,,,,
10727232,2969162,2,Pedestrian,,False,,,,,,,NONE APPARENT,,N,,,R,OTHER,A,HAD NOT BEEN DRINKING,,,F,FEMALE,,,,,,60.0,Pedestrian,,,,,,,,,,,,,,,,
10727231,2969162,1,Driver,True,False,,,,,,,VC SECTION VIOLATED - 20001,,W,,,B,PROCEEDING STRAIGHT,G,IMPAIRMENT_NOT_KNOWN,,,,,,,,,,,,,CHEVROLET,,,,,,,,,,,,,,
10727230,2969161,1,Driver,True,False,,M,AIR BAG NOT DEPLOYED,B,OCCUPANT UNKNOWN,CELL PHONE NOT IN USE,NONE APPARENT,,W,,,E,MAKING LEFT TURN,B,HBD-UNDER INFLUENCE,,,M,MALE,,,CA,B,BLACK,,,2014.0,FORD,,,,,,,,,,,,,,
10727229,2969160,2,Driver,,False,,L,AIR BAG DEPLOYED,C,OCCUPANT LAP BELT USED,CELL PHONE NOT IN USE,STOP & GO TRAFFIC,,,,,A,STOPPED,G,IMPAIRMENT_NOT_KNOWN,,,F,FEMALE,,,CA,W,WHITE,,,2009.0,HONDA,,,,,,,,,,,,,,
10727228,2969160,1,Driver,,False,,L,AIR BAG DEPLOYED,C,OCCUPANT LAP BELT USED,CELL PHONE NOT IN USE,STOP & GO TRAFFIC,,W,,,E,MAKING LEFT TURN,G,IMPAIRMENT_NOT_KNOWN,,,M,MALE,,,TN,W,WHITE,,,2001.0,FORD,,,,,,,,,,,,,,
10727227,2969159,1,Driver,,False,,L,AIR BAG DEPLOYED,G,OCCUPANT LAP SHOULDER HARNESS USED,,INATTENTION,OTHER,S,,,B,PROCEEDING STRAIGHT,A,HAD NOT BEEN DRINKING,,,M,MALE,,,CA,H,HISPANIC,,,2017.0,FORD,,,,,,,,,,,,,,
10727226,2969158,5,ParkedVehicle,,False,,,,,,,NONE APPARENT,,S,,,O,PARKED,H,NOT APPLICABLE,,,,,,,,,,,,2006.0,HONDA,,,,,,,,,,,,,,
10727225,2969158,4,ParkedVehicle,,False,,,,,,,NONE APPARENT,,S,,,O,PARKED,H,NOT APPLICABLE,,,,,,,,,,,,2014.0,CHEVROLET,,,,,,,,,,,,,,
10727224,2969158,3,ParkedVehicle,,False,,,,,,,NONE APPARENT,,S,,,O,PARKED,H,NOT APPLICABLE,,,,,,,,,,,,2001.0,TOYOTA,,,,,,,,,,,,,,
10727223,2969158,2,ParkedVehicle,,False,,,,,,,NONE APPARENT,,S,,,O,PARKED,H,NOT APPLICABLE,,,,,,,,,,,,2014.0,ACURA,,,,,,,,,,,,,,
10727222,2969158,1,Driver,True,False,,L,AIR BAG DEPLOYED,G,OCCUPANT LAP SHOULDER HARNESS USED,,NONE APPARENT,,S,,,B,PROCEEDING STRAIGHT,I,SLEEPY/FATIGUED,,,M,MALE,,,,H,HISPANIC,,,2004.0,HONDA,,,,,,,,,,,,,,
10727221,2969157,2,Driver,,False,,M,AIR BAG NOT DEPLOYED,G,OCCUPANT LAP SHOULDER HARNESS USED,,NONE APPARENT,,N,,,A,STOPPED,A,HAD NOT BEEN DRINKING,,,M,MALE,,,CA,B,BLACK,,,2014.0,FORD,,,,,,,,,,,,,,
10727220,2969157,1,Driver,True,False,,M,AIR BAG NOT DEPLOYED,G,OCCUPANT LAP SHOULDER HARNESS USED,,NONE APPARENT,,N,,,B,PROCEEDING STRAIGHT,A,HAD NOT BEEN DRINKING,,,F,FEMALE,,,CA,A,ASIAN,,,2009.0,TOYOTA,,,,,,,,,,,,,,
10727219,2969156,3,Driver,,False,,,,,,,,,W,,,B,PROCEEDING STRAIGHT,A,HAD NOT BEEN DRINKING,,,M,MALE,,,CA,O,OTHER,,,2015.0,FORD,,,,,,,,,,,,,,
10727218,2969156,2,Pedestrian,,False,,,,,,,INATTENTION,OTHER,N,,,B,PROCEEDING STRAIGHT,A,HAD NOT BEEN DRINKING,,,M,MALE,,,,W,WHITE,60.0,Pedestrian,,,,,,,,,,,,,,,,
10727217,2969156,1,Pedestrian,True,False,,,,,,,INATTENTION,OTHER,N,,,B,PROCEEDING STRAIGHT,A,HAD NOT BEEN DRINKING,,,M,MALE,,,,A,ASIAN,60.0,Pedestrian,,,,,,,,,,,,,,,,
10727216,2969155,2,Driver,,False,,M,AIR BAG NOT DEPLOYED,,,CELL PHONE NOT IN USE,NONE APPARENT,,E,,,B,PROCEEDING STRAIGHT,A,HAD NOT BEEN DRINKING,,,F,FEMALE,,,CA,A,ASIAN,,,2017.0,LEXUS,,,,,,,,,,,,,,
10727215,2969155,1,Driver,True,False,,M,AIR BAG NOT DEPLOYED,G,OCCUPANT LAP SHOULDER HARNESS USED,CELL PHONE NOT IN USE,NONE APPARENT,,,,,L,ENTERING TRAFFICD,A,HAD NOT BEEN DRINKING,,,M,MALE,,,CA,W,WHITE,,,1982.0,TOYOTA,,,,,,,,,,,,,,
10727214,2969154,2,Driver,,False,,L,AIR BAG DEPLOYED,G,OCCUPANT LAP SHOULDER HARNESS USED,,NONE APPARENT,,S,,,F,MAKING U TURN,A,HAD NOT BEEN DRINKING,,,U,UNKNOWN,,,CA,H,HISPANIC,,,2014.0,CHEVROLET,,,,,,,,,,,,,,
10727213,2969154,1,Driver,True,False,,L,AIR BAG DEPLOYED,B,OCCUPANT UNKNOWN,,NONE APPARENT,,S,,,B,PROCEEDING STRAIGHT,A,HAD NOT BEEN DRINKING,,,M,MALE,,,CA,H,HISPANIC,,,2004.0,CHEVROLET,,,,,,,,,,,,,,
10727212,2969153,2,Driver,,False,,M,AIR BAG NOT DEPLOYED,G,OCCUPANT LAP SHOULDER HARNESS USED,,NONE APPARENT,,W,,,B,PROCEEDING STRAIGHT,A,HAD NOT BEEN DRINKING,,,U,UNKNOWN,,,CA,H,HISPANIC,,,2016.0,CHEVROLET,,,,,,,,,,,,,,
10727211,2969153,1,Driver,True,False,,B,UNKNOWN,,,,NONE APPARENT,,S,,,B,PROCEEDING STRAIGHT,G,IMPAIRMENT_NOT_KNOWN,,,M,MALE,,,CA,H,HISPANIC,,,2008.0,NISSAN,,,,,,,,,,,,,,
10725601,2968361,2,Bicyclist,,False,,,,,,,NONE APPARENT,,W,,,B,PROCEEDING STRAIGHT,A,HAD NOT BEEN DRINKING,,,M,MALE,,,,W,WHITE,4.0,Bicycle,,,,,,,,,,,,,,,,
10725600,2968361,1,Driver,True,False,,B,UNKNOWN,,,,NONE APPARENT,,W,,,B,PROCEEDING STRAIGHT,D,HBD-IMPAIRMENT UNKNOWN,,,M,MALE,,,CA,W,WHITE,,,2003.0,TOYOTA,,,,,,,,,,,,,,
10725342,2968225,2,Driver,,False,,L,AIR BAG DEPLOYED,G,OCCUPANT LAP SHOULDER HARNESS USED,,NONE APPARENT,,S,,,B,PROCEEDING STRAIGHT,H,NOT APPLICABLE,,,M,MALE,,,CA,W,WHITE,,,2009.0,FORD,,,,,,,,,,,,,,
10725341,2968225,1,Driver,True,False,,M,AIR BAG NOT DEPLOYED,G,OCCUPANT LAP SHOULDER HARNESS USED,,NONE APPARENT,,S,,,A,STOPPED,H,NOT APPLICABLE,,,F,FEMALE,,,,,,,,2007.0,TOYOTA,,,,,,,,,,,,,,
10725337,2968222,4,ParkedVehicle,,False,,,,,,,NONE APPARENT,,,,,O,PARKED,I,SLEEPY/FATIGUED,,,,,,,,,,,,2013.0,HONDA,,,,,,,,,,,,,,
10725336,2968222,3,ParkedVehicle,,False,,,,,,,NONE APPARENT,,,,,O,PARKED,H,NOT APPLICABLE,,,U,UNKNOWN,,,,H,HISPANIC,,,2015.0,BMW,,,,,,,,,,,,,,
10725335,2968222,2,Driver,,False,,M,AIR BAG NOT DEPLOYED,G,OCCUPANT LAP SHOULDER HARNESS USED,CELL PHONE NOT IN USE,NONE APPARENT,,S,,,B,PROCEEDING STRAIGHT,A,HAD NOT BEEN DRINKING,,,M,MALE,,,CA,H,HISPANIC,,,2015.0,BMW,,,,,,,,,,,,,,
10725334,2968222,1,Driver,True,False,,L,AIR BAG DEPLOYED,G,OCCUPANT LAP SHOULDER HARNESS USED,CELL PHONE NOT IN USE,NONE APPARENT,,E,,,B,PROCEEDING STRAIGHT,A,HAD NOT BEEN DRINKING,,,F,FEMALE,,,CA,W,WHITE,,,2015.0,HONDA,,,,,,,,,,,,,,
10725333,2968221,2,Driver,,False,,,,,,,,,E,,,B,PROCEEDING STRAIGHT,H,NOT APPLICABLE,,,F,FEMALE,,,,H,HISPANIC,,,2006.0,CHRYSLER,,,,,,,,,,,,,,
10725332,2968221,1,Driver,True,False,,,,,,,,,W,,,E,MAKING LEFT TURN,H,NOT APPLICABLE,,,M,MALE,,,CA,A,ASIAN,,,2005.0,ACURA,,,,,,,,,,,,,,
10725331,2968220,3,Driver,,False,,B,UNKNOWN,,,,,,E,,,B,PROCEEDING STRAIGHT,H,NOT APPLICABLE,,,,,,,,,,,,,,,,,,,,,,,,,,,
10725330,2968220,2,Driver,,False,,M,AIR BAG NOT DEPLOYED,G,OCCUPANT LAP SHOULDER HARNESS USED,,,,E,,,B,PROCEEDING STRAIGHT,A,HAD NOT BEEN DRINKING,,,F,FEMALE,,,CA,H,HISPANIC,,,2008.0,TOYOTA,,,,,,,,,,,,,,
10725329,2968220,1,Driver,True,False,,B,UNKNOWN,,,,,,E,,,B,PROCEEDING STRAIGHT,H,NOT APPLICABLE,,,M,MALE,,,,H,HISPANIC,,,,,,,,,,,,,,,,,,
10725328,2968219,2,Driver,,False,,L,AIR BAG DEPLOYED,G,OCCUPANT LAP SHOULDER HARNESS USED,,,,E,,,B,PROCEEDING STRAIGHT,A,HAD NOT BEEN DRINKING,,,F,FEMALE,,,CA,H,HISPANIC,,,2020.0,TOYOTA,,,,,,,,,,,,,,
10725327,2968219,1,Driver,,False,,M,AIR BAG NOT DEPLOYED,G,OCCUPANT LAP SHOULDER HARNESS USED,,,,S,,,E,MAKING LEFT TURN,A,HAD NOT BEEN DRINKING,,,M,MALE,,,CA,H,HISPANIC,,,2004.0,HONDA,,,,,,,,,,,,,,
10725326,2968218,2,Driver,,False,,L,AIR BAG DEPLOYED,G,OCCUPANT LAP SHOULDER HARNESS USED,,NONE APPARENT,,W,,,B,PROCEEDING STRAIGHT,A,HAD NOT BEEN DRINKING,,,F,FEMALE,,,CA,H,HISPANIC,,,2013.0,HYUNDAI,,,,,,,,,,,,,,
10725325,2968218,1,Driver,,False,,L,AIR BAG DEPLOYED,G,OCCUPANT LAP SHOULDER HARNESS USED,,NONE APPARENT,,N,,,B,PROCEEDING STRAIGHT,A,HAD NOT BEEN DRINKING,,,M,MALE,,,CA,A,ASIAN,,,2000.0,TOYOTA,,,,,,,,,,,,,,
10725324,2968217,2,Driver,,False,,M,AIR BAG NOT DEPLOYED,W,MOTOR BICYCLE DRIVER WITH HELMET,,NONE APPARENT,,W,,,D,MAKING RIGHT TURN,H,NOT APPLICABLE,,,M,MALE,,,CA,H,HISPANIC,,,2016.0,MERCEDES-BENZ,,,,,,,,,,,,,,
10725323,2968217,1,Driver,,False,,M,AIR BAG NOT DEPLOYED,W,MOTOR BICYCLE DRIVER WITH HELMET,,NONE APPARENT,,E,,,E,MAKING LEFT TURN,H,NOT APPLICABLE,,,M,MALE,,,CA,H,HISPANIC,,,2019.0,LEXUS,,,,,,,,,,,,,,
10725322,2968216,2,Pedestrian,,False,,,,,,CELL PHONE NOT IN USE,NONE APPARENT,,N,,,B,PROCEEDING STRAIGHT,A,HAD NOT BEEN DRINKING,,,F,FEMALE,,,,,,60.0,Pedestrian,,,,,,,,,,,,,,,,
10725321,2968216,1,Driver,True,False,,M,AIR BAG NOT DEPLOYED,G,OCCUPANT LAP SHOULDER HARNESS USED,CELL PHONE NOT IN USE,VISION OBSCUREMENT,,W,,,D,MAKING RIGHT TURN,A,HAD NOT BEEN DRINKING,,,U,UNKNOWN,,,CA,,,,,2020.0,TESLA,,,,,,,,,,,,,,
10725320,2968215,2,Driver,,False,,M,AIR BAG NOT DEPLOYED,G,OCCUPANT LAP SHOULDER HARNESS USED,,,,N,,,A,STOPPED,A,HAD NOT BEEN DRINKING,,,F,FEMALE,,,CA,B,BLACK,,,2013.0,CHEVROLET,,,,,,,,,,,,,,
10725319,2968215,1,Driver,True,False,,M,AIR BAG NOT DEPLOYED,G,OCCUPANT LAP SHOULDER HARNESS USED,,STOP & GO TRAFFIC,,E,,,B,PROCEEDING STRAIGHT,A,HAD NOT BEEN DRINKING,,,M,MALE,,,ID,W,WHITE,,,2002.0,HONDA,,,,,,,,,,,,,,
10725318,2968214,2,Driver,,False,,L,AIR BAG DEPLOYED,G,OCCUPANT LAP SHOULDER HARNESS USED,,OTHER,,S,,,B,PROCEEDING STRAIGHT,A,HAD NOT BEEN DRINKING,,,F,FEMALE,,,CA,H,HISPANIC,,,2004.0,MITSUBISHI,,,,,,,,,,,,,,
10725317,2968214,1,Driver,,False,,L,AIR BAG DEPLOYED,G,OCCUPANT LAP SHOULDER HARNESS USED,,NONE APPARENT,,W,,,L,ENTERING TRAFFICD,A,HAD NOT BEEN DRINKING,,,F,FEMALE,,,CA,W,WHITE,,,2018.0,SUBARU,,,,,,,,,,,,,,
10725316,2968213,2,Driver,,False,,M,AIR BAG NOT DEPLOYED,G,OCCUPANT LAP SHOULDER HARNESS USED,,NONE APPARENT,,S,,,E,MAKING LEFT TURN,G,IMPAIRMENT_NOT_KNOWN,,,F,FEMALE,,,CA,H,HISPANIC,,,2005.0,TOYOTA,,,,,,,,,,,,,,