PartyId,CollisionId,PartyNumber,PartyType,IsAtFault,IsOnDutyEmergencyVehicle,IsHitAndRun,AirbagCode,AirbagDescription,SafetyEquipmentCode,SafetyEquipmentDescription,Special Information,Other Associate Factor,Inattention,DirectionOfTravel,StreetOrHighwayName,SpeedLimit,MovementPrecCollCode,MovementPrecCollDescription,SobrietyDrugPhysicalCode1,SobrietyDrugPhysicalDescription1,SobrietyDrugPhysicalCode2,SobrietyDrugPhysicalDescription2,GenderCode,GenderDescription,StatedAge,DriverLicenseClass,DriverLicenseStateCode,RaceCode,RaceDesc,Vehicle1TypeId, Vehicle1TypeDesc, Vehicle1Year,Vehicle1Make,Vehicle1Model,Vehicle1Color,V1IsVehicleTowed,Vehicle2TypeId, Vehicle2TypeDesc, Vehicle2Year,Vehicle2Make,Vehicle2Model,Vehicle2Color,V2IsVehicleTowed,Lane,ThruLanes,TotalLanes,IsDREConducted
10787930,2999259,1,Pedestrian,True,False,,,,,,CELL PHONE NOT IN USE,NONE APPARENT,,W,,,B,PROCEEDING STRAIGHT,A,HAD NOT BEEN DRINKING,,,M,MALE,,,,H,HISPANIC,60.0,Pedestrian,,,,,,,,,,,,,,,,
10787929,2999258,2,Pedestrian,,False,,,,,,,,,,,,,,A,HAD NOT BEEN DRINKING,,,M,MALE,,,,H,HISPANIC,60.0,Pedestrian,,,,,,,,,,,,,,,,
10787928,2999258,1,Driver,,False,,M,AIR BAG NOT DEPLOYED,G,OCCUPANT LAP SHOULDER HARNESS USED,,VC SECTION VIOLATED - 26708 A / VISION OBSCUREMENT,,W,,,R,OTHER,A,HAD NOT BEEN DRINKING,,,F,FEMALE,,,CA,H,HISPANIC,,,2016.0,FORD,,,,,,,,,,,,,,
10787698,2999141,3,Driver,,False,,M,AIR BAG NOT DEPLOYED,G,OCCUPANT LAP SHOULDER HARNESS USED,,,,N,,,A,STOPPED,H,NOT APPLICABLE,,,M,MALE,,,CA,W,WHITE,,,2012.0,FORD,,,,,,,,,,,,,,
10787697,2999141,2,Driver,,False,,P,NOT REQUIRED,,,,,,N,,,B,PROCEEDING STRAIGHT,H,NOT APPLICABLE,,,F,FEMALE,,,CA,H,HISPANIC,,,1994.0,HARLEY-DAVIDSON,,,,,,,,,,,,,,
10787696,2999141,1,Driver,True,False,,M,AIR BAG NOT DEPLOYED,G,OCCUPANT LAP SHOULDER HARNESS USED,,,,N,,,J,CHANGING LANES,H,NOT APPLICABLE,,,M,MALE,,,CA,A,ASIAN,,,2006.0,BMW,,,,,,,,,,,,,,
10787667,2999127,4,ParkedVehicle,,False,,,,,,,,,,,,O,PARKED,A,HAD NOT BEEN DRINKING,,,,,,,,,,,,2000.0,BMW,,,,,,,,,,,,,,
10787666,2999127,3,ParkedVehicle,,False,,,,,,,,,,,,O,PARKED,A,HAD NOT BEEN DRINKING,,,,,,,,,,,,2006.0,CHRYSLER,,,,,,,,,,,,,,
10787665,2999127,2,Driver,,False,,M,AIR BAG NOT DEPLOYED,G,OCCUPANT LAP SHOULDER HARNESS USED,,,,E,,,B,PROCEEDING STRAIGHT,A,HAD NOT BEEN DRINKING,,,F,FEMALE,,,CA,,,,,2017.0,HONDA,,,,,,,,,,,,,,
10787664,2999127,1,Driver,True,False,,M,AIR BAG NOT DEPLOYED,G,OCCUPANT LAP SHOULDER HARNESS USED,,VC SECTION VIOLATED,,E,,,J,CHANGING LANES,A,HAD NOT BEEN DRINKING,,,M,MALE,,,CA,H,HISPANIC,1.0,PassengerCarStationWagonJeep,2006.0,HONDA,,,,,,,,,,,,,,
10787661,2999125,2,Driver,,False,,M,AIR BAG NOT DEPLOYED,G,OCCUPANT LAP SHOULDER HARNESS USED,,,,E,,,A,STOPPED,H,NOT APPLICABLE,,,M,MALE,,,CA,H,HISPANIC,,,2019.0,FORD,,,,,,,,,,,,,,
10787660,2999125,1,Driver,True,False,,M,AIR BAG NOT DEPLOYED,G,OCCUPANT LAP SHOULDER HARNESS USED,,INATTENTION,OTHER,S,,,D,MAKING RIGHT TURN,B,HBD-UNDER INFLUENCE,,,F,FEMALE,,,CA,B,BLACK,,,2002.0,GMC,,,,,,,,,,,,,,
10787659,2999124,2,Pedestrian,,False,,,,,,,,,S,,,,,,,,,F,FEMALE,,,,W,WHITE,60.0,Pedestrian,,,,,,,,,,,,,,,,
10787658,2999124,1,Driver,True,False,,M,AIR BAG NOT DEPLOYED,G,OCCUPANT LAP SHOULDER HARNESS USED,,INATTENTION,OTHER,E,,,D,MAKING RIGHT TURN,A,HAD NOT BEEN DRINKING,,,F,FEMALE,,,,B,BLACK,,,2013.0,LEXUS,,,,,,,,,,,,,,
10787657,2999123,1,Driver,True,False,,L,AIR BAG DEPLOYED,G,OCCUPANT LAP SHOULDER HARNESS USED,CELL PHONE NOT IN USE,NONE APPARENT,,S,,,B,PROCEEDING STRAIGHT,A,HAD NOT BEEN DRINKING,,,M,MALE,,,CA,A,ASIAN,,,2018.0,HONDA,,,,,,,,,,,,,,
10787511,2999045,1,Driver,True,False,,P,NOT REQUIRED,,,CELL PHONE NOT IN USE,NONE APPARENT,,S,,,B,PROCEEDING STRAIGHT,G,IMPAIRMENT_NOT_KNOWN,,,M,MALE,,C,CA,H,HISPANIC,,,2021.0,,,,,,,,,,,,,,,
10787510,2999044,1,Driver,True,False,,L,AIR BAG DEPLOYED,B,OCCUPANT UNKNOWN,CELL PHONE NOT IN USE,NONE APPARENT,,W,,,B,PROCEEDING STRAIGHT,G,IMPAIRMENT_NOT_KNOWN,,,M,MALE,,,CA,,,1.0,PassengerCarStationWagonJeep,2007.0,ACURA,,,,,,,,,,,,,,
10787509,2999043,4,Driver,,False,,M,AIR BAG NOT DEPLOYED,G,OCCUPANT LAP SHOULDER HARNESS USED,CELL PHONE NOT IN USE,NONE APPARENT,,E,,,A,STOPPED,A,HAD NOT BEEN DRINKING,,,F,FEMALE,,C,CA,H,HISPANIC,1.0,PassengerCarStationWagonJeep,1997.0,HONDA,,,,,,,,,,,,,,
10787508,2999043,3,Driver,,False,,M,AIR BAG NOT DEPLOYED,G,OCCUPANT LAP SHOULDER HARNESS USED,CELL PHONE NOT IN USE,NONE APPARENT,,E,,,A,STOPPED,A,HAD NOT BEEN DRINKING,,,F,FEMALE,,C,CA,H,HISPANIC,7.0,SportUtilityVehicle,1997.0,JEEP,,,,,,,,,,,,,,
10787507,2999043,2,Driver,,False,,M,AIR BAG NOT DEPLOYED,G,OCCUPANT LAP SHOULDER HARNESS USED,CELL PHONE NOT IN USE,NONE APPARENT,,E,,,A,STOPPED,A,HAD NOT BEEN DRINKING,,,M,MALE,,C,CA,H,HISPANIC,1.0,PassengerCarStationWagonJeep,2008.0,MERCEDES-BENZ,,,,,,,,,,,,,,
10787506,2999043,1,Driver,True,False,,M,AIR BAG NOT DEPLOYED,G,OCCUPANT LAP SHOULDER HARNESS USED,CELL PHONE NOT IN USE,NONE APPARENT,,E,,,B,PROCEEDING STRAIGHT,A,HAD NOT BEEN DRINKING,,,M,MALE,,C,CA,W,WHITE,1.0,PassengerCarStationWagonJeep,2015.0,FORD,,,,,,,,,,,,,,
10787505,2999042,2,Pedestrian,,False,,,,,,,NONE APPARENT,,N,,,B,PROCEEDING STRAIGHT,A,HAD NOT BEEN DRINKING,,,M,MALE,,,,,,60.0,Pedestrian,,,,,,,,,,,,,,,,
10787504,2999042,1,Driver,True,False,,M,AIR BAG NOT DEPLOYED,G,OCCUPANT LAP SHOULDER HARNESS USED,,NONE APPARENT,,E,,,E,MAKING LEFT TURN,A,HAD NOT BEEN DRINKING,,,F,FEMALE,,C,CA,A,ASIAN,,,2015.0,TOYOTA,,,,,,,,,,,,,,
10787503,2999041,2,Driver,,False,,M,AIR BAG NOT DEPLOYED,G,OCCUPANT LAP SHOULDER HARNESS USED,,,,W,,,A,STOPPED,A,HAD NOT BEEN DRINKING,,,F,FEMALE,,,CA,H,HISPANIC,1.0,PassengerCarStationWagonJeep,2016.0,FORD,,,,,,,,,,,,,,
10787502,2999041,1,Driver,True,False,,M,AIR BAG NOT DEPLOYED,G,OCCUPANT LAP SHOULDER HARNESS USED,,,,W,,,B,PROCEEDING STRAIGHT,A,HAD NOT BEEN DRINKING,,,F,FEMALE,,,CA,W,WHITE,1.0,PassengerCarStationWagonJeep,2016.0,TOYOTA,,,,,,,,,,,,,,
10799709,3005077,2,Driver,,False,,M,AIR BAG NOT DEPLOYED,G,OCCUPANT LAP SHOULDER HARNESS USED,HAZARDOUS MATERIAL / SCHOOL BUS RELATED,,,N,,,B,PROCEEDING STRAIGHT,A,HAD NOT BEEN DRINKING,,,M,MALE,,,CA,H,HISPANIC,1.0,PassengerCarStationWagonJeep,2015.0,FORD,,,,,,,,,,,,,,
10799708,3005077,1,Driver,True,False,,L,AIR BAG DEPLOYED,G,OCCUPANT LAP SHOULDER HARNESS USED,HAZARDOUS MATERIAL,,,W,,,B,PROCEEDING STRAIGHT,A,HAD NOT BEEN DRINKING,,,F,FEMALE,,,CA,O,OTHER,1.0,PassengerCarStationWagonJeep,2020.0,HONDA,,,,,,,,,,,,,,
10799707,3005076,2,Driver,,False,,M,AIR BAG NOT DEPLOYED,B,OCCUPANT UNKNOWN,,,,S,,,A,STOPPED,H,NOT APPLICABLE,,,M,MALE,,,CA,H,HISPANIC,1.0,PassengerCarStationWagonJeep,2020.0,TOYOTA,,,,,,,,,,,,,,
10799706,3005076,1,Driver,True,False,,L,AIR BAG DEPLOYED,G,OCCUPANT LAP SHOULDER HARNESS USED,,INATTENTION,OTHER,S,,,B,PROCEEDING STRAIGHT,H,NOT APPLICABLE,,,M,MALE,,,CA,W,WHITE,22.0,PickupsAndPanels,2012.0,FORD,,,,,,,,,,,,,,
10799705,3005075,1,Driver,True,False,,L,AIR BAG DEPLOYED,G,OCCUPANT LAP SHOULDER HARNESS USED,CELL PHONE NOT IN USE,INATTENTION / NONE APPARENT,,S,,,E,MAKING LEFT TURN,A,HAD NOT BEEN DRINKING,,,M,MALE,,,CA,,,,,2017.0,MERCEDES-BENZ,,,,,,,,,,,,,,
10799704,3005074,2,Driver,,False,,,,,,,,,,,,A,STOPPED,G,IMPAIRMENT_NOT_KNOWN,,,F,FEMALE,,,CA,H,HISPANIC,,,2019.0,HONDA,,,,,,,,,,,,,,
10799703,3005074,1,Driver,True,False,,,,,,,,,W,,,B,PROCEEDING STRAIGHT,G,IMPAIRMENT_NOT_KNOWN,,,M,MALE,,,CA,W,WHITE,2.0,Motorcycle,2012.0,YAMAHA,,,,,,,,,,,,,,
10799702,3005073,2,Driver,,False,,M,AIR BAG NOT DEPLOYED,G,OCCUPANT LAP SHOULDER HARNESS USED,CELL PHONE HANDSFREE IN USE,,,E,,,,,A,HAD NOT BEEN DRINKING,,,M,MALE,,,CA,W,WHITE,,,2019.0,JEEP,,,,,,,,,,,,,,
10799701,3005073,1,Driver,True,False,,L,AIR BAG DEPLOYED,G,OCCUPANT LAP SHOULDER HARNESS USED,CELL PHONE NOT IN USE,INATTENTION,OTHER,E,,,B,PROCEEDING STRAIGHT,A,HAD NOT BEEN DRINKING,,,F,FEMALE,,,CA,H,HISPANIC,,,2017.0,JEEP,,,,,,,,,,,,,,
10799700,3005072,2,Driver,,False,,P,NOT REQUIRED,,,,NONE APPARENT,,W,,,B,PROCEEDING STRAIGHT,A,HAD NOT BEEN DRINKING,,,M,MALE,,,CA,W,WHITE,2.0,Motorcycle,2020.0,HONDA,,,,,,,,,,,,,,
10799699,3005072,1,Driver,True,False,,M,AIR BAG NOT DEPLOYED,B,OCCUPANT UNKNOWN,,NONE APPARENT,,W,,,J,CHANGING LANES,A,HAD NOT BEEN DRINKING,,,M,MALE,,,CA,W,WHITE,,,2014.0,FORD,,,,,,,,,,,,,,
10799698,3005071,3,Driver,,False,,L,AIR BAG DEPLOYED,G,OCCUPANT LAP SHOULDER HARNESS USED,CELL PHONE NOT IN USE,NONE APPARENT,,E,,,A,STOPPED,A,HAD NOT BEEN DRINKING,,,M,MALE,,,CA,W,WHITE,,,2019.0,KIA,,,,,,,,,,,,,,
10799697,3005071,2,Driver,,False,,L,AIR BAG DEPLOYED,G,OCCUPANT LAP SHOULDER HARNESS USED,CELL PHONE NOT IN USE,NONE APPARENT,,W,,,B,PROCEEDING STRAIGHT,A,HAD NOT BEEN DRINKING,,,M,MALE,,,CA,H,HISPANIC,1.0,PassengerCarStationWagonJeep,2010.0,SCION,,,,,,,,,,,,,,
10799696,3005071,1,Driver,True,False,,L,AIR BAG DEPLOYED,G,OCCUPANT LAP SHOULDER HARNESS USED,,NONE APPARENT,,S,,,B,PROCEEDING STRAIGHT,G,IMPAIRMENT_NOT_KNOWN,,,M,MALE,,,CA,A,ASIAN,,,2001.0,BMW,,,,,,,,,,,,,,
10799695,3005070,2,Driver,,False,,M,AIR BAG NOT DEPLOYED,C,OCCUPANT LAP BELT USED,,NONE APPARENT,,N,,,B,PROCEEDING STRAIGHT,A,HAD NOT BEEN DRINKING,,,F,FEMALE,,,,B,BLACK,,,2016.0,MERCEDES-BENZ,,,,,,,,,,,,,,
10799694,3005070,1,Driver,True,False,,M,AIR BAG NOT DEPLOYED,C,OCCUPANT LAP BELT USED,,NONE APPARENT,,N,,,D,MAKING RIGHT TURN,A,HAD NOT BEEN DRINKING,,,F,FEMALE,,,,W,WHITE,,,1997.0,NISSAN,,,,,,,,,,,,,,
10799693,3005069,3,Driver,,False,,M,AIR BAG NOT DEPLOYED,G,OCCUPANT LAP SHOULDER HARNESS USED,,,,S,,,A,STOPPED,A,HAD NOT BEEN DRINKING,,,F,FEMALE,,,CA,,,,,2018.0,HONDA,,,,,,,,,,,,,,
10799692,3005069,2,Driver,,False,,M,AIR BAG NOT DEPLOYED,G,OCCUPANT LAP SHOULDER HARNESS USED,,,,S,,,A,STOPPED,A,HAD NOT BEEN DRINKING,,,F,FEMALE,,,,A,ASIAN,,,2017.0,TOYOTA,,,,,,,,,,,,,,
10799691,3005069,1,Driver,True,False,,M,AIR BAG NOT DEPLOYED,G,OCCUPANT LAP SHOULDER HARNESS USED,,VC SECTION VIOLATED - 23152 B,,S,,,B,PROCEEDING STRAIGHT,B,HBD-UNDER INFLUENCE,E,UNDER_DRUG_INFLUENCE,F,FEMALE,,,CA,W,WHITE,,,2007.0,FORD,,,,,,,,,,,,,,
10799690,3005068,2,ParkedVehicle,,False,,,,,,,NONE APPARENT,,W,,,O,PARKED,H,NOT APPLICABLE,,,,,,,,,,,,1997.0,NISSAN,,,,,,,,,,,,,,
10799689,3005068,1,Driver,True,False,,L,AIR BAG DEPLOYED,G,OCCUPANT LAP SHOULDER HARNESS USED,,VC SECTION VIOLATED - 22107,,W,,,D,MAKING RIGHT TURN,B,HBD-UNDER INFLUENCE,,,M,MALE,,,,H,HISPANIC,,,2012.0,CHEVROLET,,,,,,,,,,,,,,
10799688,3005067,3,Driver,,False,,,,,,CELL PHONE NOT IN USE,,,E,,,A,STOPPED,A,HAD NOT BEEN DRINKING,,,F,FEMALE,,,CA,B,BLACK,1.0,PassengerCarStationWagonJeep,2018.0,NISSAN,,,,,,,,,,,,,,
10799687,3005067,2,Driver,,False,,M,AIR BAG NOT DEPLOYED,G,OCCUPANT LAP SHOULDER HARNESS USED,CELL PHONE NOT IN USE,,,S,,,B,PROCEEDING STRAIGHT,A,HAD NOT BEEN DRINKING,,,M,MALE,,,CA,H,HISPANIC,22.0,PickupsAndPanels,2005.0,TOYOTA,,,,,,,,,,,,,,
10799686,3005067,1,Driver,True,False,,M,AIR BAG NOT DEPLOYED,G,OCCUPANT LAP SHOULDER HARNESS USED,CELL PHONE NOT IN USE,,,N,,,B,PROCEEDING STRAIGHT,A,HAD NOT BEEN DRINKING,,,M,MALE,,,CA,A,ASIAN,,,1999.0,SUBARU,,,,,,,,,,,,,,
10799685,3005066,2,Pedestrian,,False,,,,,,,NONE APPARENT,,E,,,B,PROCEEDING STRAIGHT,D,HBD-IMPAIRMENT UNKNOWN,,,F,FEMALE,,,,H,HISPANIC,60.0,Pedestrian,,,,,,,,,,,,,,,,
10799684,3005066,1,Driver,True,False,,M,AIR BAG NOT DEPLOYED,G,OCCUPANT LAP SHOULDER HARNESS USED,,NONE APPARENT,,N,,,E,MAKING LEFT TURN,A,HAD NOT BEEN DRINKING,,,M,MALE,,,CA,H,HISPANIC,1.0,PassengerCarStationWagonJeep,2005.0,VOLKSWAGEN,,,,,,,,,,,,,,
10799683,3005065,2,Driver,,False,,,,,,,NONE APPARENT,,E,,,G,BACKING,H,NOT APPLICABLE,,,M,MALE,,,,B,BLACK,1.0,PassengerCarStationWagonJeep,2017.0,NISSAN,,,,,,,,,,,,,,
10799682,3005065,1,Driver,True,False,,M,AIR BAG NOT DEPLOYED,G,OCCUPANT LAP SHOULDER HARNESS USED,,NONE APPARENT,,N,,,B,PROCEEDING STRAIGHT,B,HBD-UNDER INFLUENCE,,,F,FEMALE,,,CA,H,HISPANIC,,,2018.0,HYUNDAI,,,,,,,,,,,,,,
10799681,3005064,1,Driver,True,False,,,,,,,NONE APPARENT,,E,,,B,PROCEEDING STRAIGHT,C,HBD-NOT UNDER INFLUENCE,,,M,MALE,,,CA,W,WHITE,,,1996.0,VOLVO,,,,,,,,,,,,,,
10799680,3005063,2,Driver,,False,,M,AIR BAG NOT DEPLOYED,B,OCCUPANT UNKNOWN,CELL PHONE NOT IN USE,,,W,,,L,ENTERING TRAFFICD,D,HBD-IMPAIRMENT UNKNOWN,,,M,MALE,,,CA,H,HISPANIC,1.0,PassengerCarStationWagonJeep,2014.0,VOLKSWAGEN,,,,,,,,,,,,,,
10799679,3005063,1,Driver,True,False,,P,NOT REQUIRED,,,CELL PHONE NOT IN USE,,,S,,,B,PROCEEDING STRAIGHT,D,HBD-IMPAIRMENT UNKNOWN,,,F,FEMALE,,,CA,H,HISPANIC,,,,,,,,,,,,,,,,,,
10799678,3005062,2,Bicyclist,,False,,,,,,,NONE APPARENT,,W,,,B,PROCEEDING STRAIGHT,G,IMPAIRMENT_NOT_KNOWN,,,M,MALE,,,,W,WHITE,4.0,Bicycle,,,,,,,,,,,,,,,,
10799677,3005062,1,Driver,,False,,M,AIR BAG NOT DEPLOYED,B,OCCUPANT UNKNOWN,,NONE APPARENT,,W,,,R,OTHER,A,HAD NOT BEEN DRINKING,,,M,MALE,,,CA,W,WHITE,,,2019.0,FORD,,,,,,,,,,,,,,
10799676,3005061,1,Driver,True,False,,L,AIR BAG DEPLOYED,G,OCCUPANT LAP SHOULDER HARNESS USED,CELL PHONE NOT IN USE,INATTENTION,OTHER,W,,,M,OTHER UNSAFE TURNING,A,HAD NOT BEEN DRINKING,,,F,FEMALE,,,CA,W,WHITE,1.0,PassengerCarStationWagonJeep,2008.0,HONDA,,,,,,,,,,,,,,
10799675,3005060,4,Other,,False,,,,,,,,,W,,,A,STOPPED,H,NOT APPLICABLE,,,,,,,,,,,,,,,,,,,,,,,,,,,
10799674,3005060,3,Driver,,False,,M,AIR BAG NOT DEPLOYED,G,OCCUPANT LAP SHOULDER HARNESS USED,,,,W,,,A,STOPPED,A,HAD NOT BEEN DRINKING,,,M,MALE,,,CA,W,WHITE,,,2017.0,PETERBILT,,,,,,,,,,,,,,
10799673,3005060,2,Driver,,False,,M,AIR BAG NOT DEPLOYED,G,OCCUPANT LAP SHOULDER HARNESS USED,,,,W,,,B,PROCEEDING STRAIGHT,A,HAD NOT BEEN DRINKING,,,F,FEMALE,,,CA,W,WHITE,,,2017.0,CHRYSLER,,,,,,,,,,,,,,
10799672,3005060,1,Driver,True,False,,M,AIR BAG NOT DEPLOYED,G,OCCUPANT LAP SHOULDER HARNESS USED,,,,S,,,L,ENTERING TRAFFICD,A,HAD NOT BEEN DRINKING,,,F,FEMALE,,,,H,HISPANIC,,,2009.0,NISSAN,,,,,,,,,,,,,,
10799671,3005059,3,Driver,,False,,M,AIR BAG NOT DEPLOYED,E,OCCUPANT SHOULDER HARNESS USED,,NONE APPARENT,,E,,,A,STOPPED,A,HAD NOT BEEN DRINKING,,,M,MALE,,,CA,A,ASIAN,,,2004.0,LEXUS,,,,,,,,,,,,,,
10799670,3005059,2,Driver,,False,,L,AIR BAG DEPLOYED,E,OCCUPANT SHOULDER HARNESS USED,,NONE APPARENT,,E,,,A,STOPPED,A,HAD NOT BEEN DRINKING,,,M,MALE,,,CA,H,HISPANIC,1.0,PassengerCarStationWagonJeep,2000.0,TOYOTA,,,,,,,,,,,,,,
10799669,3005059,1,Driver,,False,,L,AIR BAG DEPLOYED,B,OCCUPANT UNKNOWN,CELL PHONE HANDHELD IN USE,INATTENTION / NONE APPARENT,,E,,,B,PROCEEDING STRAIGHT,G,IMPAIRMENT_NOT_KNOWN,,,M,MALE,,,CA,H,HISPANIC,1.0,PassengerCarStationWagonJeep,2003.0,HONDA,,,,,,,,,,,,,,
10799468,3004964,2,Driver,,False,,M,AIR BAG NOT DEPLOYED,E,OCCUPANT SHOULDER HARNESS USED,,NONE APPARENT,,W,,,B,PROCEEDING STRAIGHT,A,HAD NOT BEEN DRINKING,,,M,MALE,,,,H,HISPANIC,7.0,SportUtilityVehicle,2007.0,HYUNDAI,,,,,,,,,,,,,,
10799467,3004964,1,Driver,True,False,,L,AIR BAG DEPLOYED,E,OCCUPANT SHOULDER HARNESS USED,,OTHER,,N,,,B,PROCEEDING STRAIGHT,A,HAD NOT BEEN DRINKING,,,M,MALE,,,CA,,,1.0,PassengerCarStationWagonJeep,2004.0,HONDA,,,,,,,,,,,,,,
10799466,3004963,2,ParkedVehicle,,False,,,,,,,,,S,,,O,PARKED,H,NOT APPLICABLE,,,,,,,,,,1.0,PassengerCarStationWagonJeep,2014.0,DODGE,,,,,,,,,,,,,,
10799465,3004963,1,Driver,True,False,,L,AIR BAG DEPLOYED,G,OCCUPANT LAP SHOULDER HARNESS USED,,VC SECTION VIOLATED - 12500,,S,,,C,RAN OFF ROAD,A,HAD NOT BEEN DRINKING,,,F,FEMALE,,,CA,B,BLACK,1.0,PassengerCarStationWagonJeep,2000.0,MITSUBISHI,,,,,,,,,,,,,,
10798441,3004455,2,Driver,,False,,P,NOT REQUIRED,,,CELL PHONE NOT IN USE,,,E,,,B,PROCEEDING STRAIGHT,H,NOT APPLICABLE,,,M,MALE,,,CA,H,HISPANIC,1.0,PassengerCarStationWagonJeep,2019.0,FORD,,,,,,,,,,,,,,
10798440,3004455,1,Bicyclist,True,False,,,,,,CELL PHONE NOT IN USE,VC SECTION VIOLATED - 21804,,S,,,E,MAKING LEFT TURN,H,NOT APPLICABLE,,,M,MALE,,,,H,HISPANIC,4.0,Bicycle,,,,,,,,,,,,,,,,
10798370,3004422,3,ParkedVehicle,,False,,,,,,,,,,,,O,PARKED,H,NOT APPLICABLE,,,,,,,,,,,,2016.0,TOYOTA,,,,,,,,,,,,,,
10798369,3004422,2,Pedestrian,,False,,,,,,,NONE APPARENT,,,,,B,PROCEEDING STRAIGHT,H,NOT APPLICABLE,,,F,FEMALE,,,,H,HISPANIC,60.0,Pedestrian,,,,,,,,,,,,,,,,
10798368,3004422,1,Driver,True,False,,M,AIR BAG NOT DEPLOYED,B,OCCUPANT UNKNOWN,,NONE APPARENT,,W,,,E,MAKING LEFT TURN,A,HAD NOT BEEN DRINKING,,,M,MALE,,,CA,H,HISPANIC,22.0,PickupsAndPanels,2001.0,CHEVROLET,,,,,,,,,,,,,,
10798367,3004421,2,Driver,,False,,,,,,,NONE APPARENT,,N,,,B,PROCEEDING STRAIGHT,A,HAD NOT BEEN DRINKING,,,M,MALE,,,CA,,,1.0,PassengerCarStationWagonJeep,2006.0,TOYOTA,,,,,,,,,,,,,,
10798366,3004421,1,Driver,True,False,,,,,,,NONE APPARENT,,E,,,E,MAKING LEFT TURN,A,HAD NOT BEEN DRINKING,,,F,FEMALE,,,CO,,,7.0,SportUtilityVehicle,2013.0,TOYOTA,,,,,,,,,,,,,,
10798365,3004420,2,Driver,,False,,,,,,,,,N,,,B,PROCEEDING STRAIGHT,A,HAD NOT BEEN DRINKING,,,M,MALE,,,CA,W,WHITE,1.0,PassengerCarStationWagonJeep,2015.0,BMW,,,,,,,,,,,,,,
10798364,3004420,1,Driver,True,False,,L,AIR BAG DEPLOYED,E,OCCUPANT SHOULDER HARNESS USED,,OTHER,,N,,,B,PROCEEDING STRAIGHT,A,HAD NOT BEEN DRINKING,,,M,MALE,,,NY,W,WHITE,1.0,PassengerCarStationWagonJeep,2015.0,BMW,,,,,,,,,,,,,,
10798363,3004419,2,Driver,,False,,L,AIR BAG DEPLOYED,G,OCCUPANT LAP SHOULDER HARNESS USED,,,,W,,,B,PROCEEDING STRAIGHT,H,NOT APPLICABLE,,,F,FEMALE,,,CA,H,HISPANIC,22.0,PickupsAndPanels,2005.0,FORD,,,,,,,,,,,,,,
10798362,3004419,1,Driver,True,False,,L,AIR BAG DEPLOYED,G,OCCUPANT LAP SHOULDER HARNESS USED,,,,N,,,L,ENTERING TRAFFICD,H,NOT APPLICABLE,,,F,FEMALE,,,CA,B,BLACK,7.0,SportUtilityVehicle,2013.0,FORD,,,,,,,,,,,,,,
10798361,3004418,2,ParkedVehicle,,False,,,,,,,,,,,,O,PARKED,H,NOT APPLICABLE,,,,,,,,,,1.0,PassengerCarStationWagonJeep,2013.0,HONDA,,,,,,,,,,,,,,
10798360,3004418,1,Driver,True,False,,L,AIR BAG DEPLOYED,G,OCCUPANT LAP SHOULDER HARNESS USED,,NONE APPARENT,,N,,,M,OTHER UNSAFE TURNING,A,HAD NOT BEEN DRINKING,,,M,MALE,,,CT,B,BLACK,1.0,PassengerCarStationWagonJeep,2016.0,TOYOTA,,,,,,,,,,,,,,
10798359,3004417,2,Driver,,False,,M,AIR BAG NOT DEPLOYED,G,OCCUPANT LAP SHOULDER HARNESS USED,,,,W,,,B,PROCEEDING STRAIGHT,A,HAD NOT BEEN DRINKING,,,F,FEMALE,,,CA,W,WHITE,1.0,PassengerCarStationWagonJeep,2014.0,VOLKSWAGEN,,,,,,,,,,,,,,
10798358,3004417,1,Driver,True,False,,M,AIR BAG NOT DEPLOYED,G,OCCUPANT LAP SHOULDER HARNESS USED,,VC SECTION VIOLATED - 22400 A,,W,,,A,STOPPED,A,HAD NOT BEEN DRINKING,,,M,MALE,,,CA,,,1.0,PassengerCarStationWagonJeep,2020.0,TOYOTA,,,,,,,,,,,,,,
10798357,3004416,2,Driver,,False,,,,,,,,,W,,,A,STOPPED,H,NOT APPLICABLE,,,M,MALE,,,,H,HISPANIC,,,2008.0,NISSAN,,,,,,,,,,,,,,
10798356,3004416,1,Driver,True,False,,L,AIR BAG DEPLOYED,D,OCCUPANT LAP BELT NOT USED,HAZARDOUS MATERIAL,VC SECTION VIOLATED - 23123 / INATTENTION,EATING,W,,,B,PROCEEDING STRAIGHT,H,NOT APPLICABLE,,,M,MALE,,,CA,H,HISPANIC,1.0,PassengerCarStationWagonJeep,2011.0,MAZDA,,,,,,,,,,,,,,
10797550,3004025,1,Driver,True,False,,M,AIR BAG NOT DEPLOYED,S,CHILD IN VEHICLE USE UNKNOWN,,,,E,,,A,STOPPED,G,IMPAIRMENT_NOT_KNOWN,,,F,FEMALE,,,CT,H,HISPANIC,1.0,PassengerCarStationWagonJeep,2019.0,VOLKSWAGEN,,,,,,,,,,,,,,
10797549,3004024,2,Driver,,False,,M,AIR BAG NOT DEPLOYED,G,OCCUPANT LAP SHOULDER HARNESS USED,,,,S,,,B,PROCEEDING STRAIGHT,H,NOT APPLICABLE,,,M,MALE,,,CA,H,HISPANIC,1.0,PassengerCarStationWagonJeep,2002.0,NISS,,,,,,,,,,,,,,
10797548,3004024,1,Driver,True,False,,B,UNKNOWN,,,,,,S,,,D,MAKING RIGHT TURN,G,IMPAIRMENT_NOT_KNOWN,,,,,,,,,,7.0,SportUtilityVehicle,2005.0,GMC,,,,,,,,,,,,,,
10797547,3004023,2,Driver,,False,,M,AIR BAG NOT DEPLOYED,G,OCCUPANT LAP SHOULDER HARNESS USED,,NONE APPARENT,,,,,B,PROCEEDING STRAIGHT,,,,,M,MALE,,,,H,HISPANIC,1.0,PassengerCarStationWagonJeep,2019.0,ISUZU,,,,,,,,,,,,,,