PartyId,CollisionId,PartyNumber,PartyType,IsAtFault,IsOnDutyEmergencyVehicle,IsHitAndRun,AirbagCode,AirbagDescription,SafetyEquipmentCode,SafetyEquipmentDescription,Special Information,Other Associate Factor,Inattention,DirectionOfTravel,StreetOrHighwayName,SpeedLimit,MovementPrecCollCode,MovementPrecCollDescription,SobrietyDrugPhysicalCode1,SobrietyDrugPhysicalDescription1,SobrietyDrugPhysicalCode2,SobrietyDrugPhysicalDescription2,GenderCode,GenderDescription,StatedAge,DriverLicenseClass,DriverLicenseStateCode,RaceCode,RaceDesc,Vehicle1TypeId, Vehicle1TypeDesc, Vehicle1Year,Vehicle1Make,Vehicle1Model,Vehicle1Color,V1IsVehicleTowed,Vehicle2TypeId, Vehicle2TypeDesc, Vehicle2Year,Vehicle2Make,Vehicle2Model,Vehicle2Color,V2IsVehicleTowed,Lane,ThruLanes,TotalLanes,IsDREConducted
10818160,3014061,1,Driver,True,False,,L,AIR BAG DEPLOYED,G,OCCUPANT LAP SHOULDER HARNESS USED,,VC SECTION VIOLATED - 21804 B,,,,,B,PROCEEDING STRAIGHT,A,HAD NOT BEEN DRINKING,,,M,MALE,,C,CA,,,,,2005.0,ACURA,,,,,,,,,,,,,,
10818159,3014060,2,Pedestrian,True,False,,,,,,,NONE APPARENT,,E,,,L,ENTERING TRAFFICD,G,IMPAIRMENT_NOT_KNOWN,,,M,MALE,,,,W,WHITE,60.0,Pedestrian,,,,,,,,,,,,,,,,
10818158,3014060,1,Driver,,False,,,,,,,NONE APPARENT,,N,,,B,PROCEEDING STRAIGHT,G,IMPAIRMENT_NOT_KNOWN,,,,,,,,,,,,1998.0,LEXUS,,,,,,,,,,,,,,
10818157,3014059,2,Driver,,False,,M,AIR BAG NOT DEPLOYED,C,OCCUPANT LAP BELT USED,,,,,,,B,PROCEEDING STRAIGHT,A,HAD NOT BEEN DRINKING,,,F,FEMALE,,C,CA,,,,,2015.0,TOYOTA,,,,,,,,,,,,,,
10818156,3014059,1,Driver,True,False,,L,AIR BAG DEPLOYED,C,OCCUPANT LAP BELT USED,CELL PHONE HANDHELD IN USE,,,E,,,E,MAKING LEFT TURN,,,,,M,MALE,,C,CA,W,WHITE,,,2017.0,CHEVROLET,,,,,,,,,,,,,,
10818155,3014058,1,Driver,True,False,,L,AIR BAG DEPLOYED,C,OCCUPANT LAP BELT USED,CELL PHONE NOT IN USE,NONE APPARENT,,W,,,B,PROCEEDING STRAIGHT,A,HAD NOT BEEN DRINKING,,,M,MALE,,C,CA,,,,,2015.0,CHEVROLET,,,,,,,,,,,,,,
10818154,3014057,2,Driver,,False,,M,AIR BAG NOT DEPLOYED,G,OCCUPANT LAP SHOULDER HARNESS USED,CELL PHONE NOT IN USE,NONE APPARENT,,,,,B,PROCEEDING STRAIGHT,H,NOT APPLICABLE,,,F,FEMALE,,C,CA,H,HISPANIC,,,2011.0,TOYOTA,,,,,,,,,,,,,,
10818153,3014057,1,Driver,,False,,B,UNKNOWN,,,,,,E,,,E,MAKING LEFT TURN,H,NOT APPLICABLE,,,,,,,,,,,,,,,,,,,,,,,,,,,
10818152,3014056,3,Driver,,False,,M,AIR BAG NOT DEPLOYED,G,OCCUPANT LAP SHOULDER HARNESS USED,,NONE APPARENT,,N,,,B,PROCEEDING STRAIGHT,A,HAD NOT BEEN DRINKING,,,M,MALE,,C,CA,,,,,2003.0,GMC,,,,,,,,,,,,,,
10818151,3014056,2,Driver,,False,,M,AIR BAG NOT DEPLOYED,G,OCCUPANT LAP SHOULDER HARNESS USED,,NONE APPARENT,,W,,,B,PROCEEDING STRAIGHT,A,HAD NOT BEEN DRINKING,,,M,MALE,,C,CA,W,WHITE,,,2011.0,HONDA,,,,,,,,,,,,,,
10818150,3014056,1,Driver,True,False,,L,AIR BAG DEPLOYED,G,OCCUPANT LAP SHOULDER HARNESS USED,,NONE APPARENT,,S,,,B,PROCEEDING STRAIGHT,A,HAD NOT BEEN DRINKING,,,F,FEMALE,,C,CA,B,BLACK,,,2015.0,SUBARU,,,,,,,,,,,,,,
10818149,3014055,2,Pedestrian,,False,,,,,,,NONE APPARENT,,N,,,B,PROCEEDING STRAIGHT,H,NOT APPLICABLE,,,M,MALE,,,,W,WHITE,60.0,Pedestrian,,,,,,,,,,,,,,,,
10818148,3014055,1,Driver,True,False,,,,,,,NONE APPARENT,,W,,,B,PROCEEDING STRAIGHT,D,HBD-IMPAIRMENT UNKNOWN,,,,,,,,,,,,,,,,,,,,,,,,,,,
10818147,3014054,2,Driver,,False,,M,AIR BAG NOT DEPLOYED,,,CELL PHONE NOT IN USE,NONE APPARENT,,W,,,A,STOPPED,A,HAD NOT BEEN DRINKING,,,M,MALE,,C,CA,H,HISPANIC,,,2018.0,LEXUS,,,,,,,,,,,,,,
10818146,3014054,1,Driver,True,False,,L,AIR BAG DEPLOYED,B,OCCUPANT UNKNOWN,,VC SECTION VIOLATED - 20001,,W,,,B,PROCEEDING STRAIGHT,G,IMPAIRMENT_NOT_KNOWN,,,M,MALE,,,,H,HISPANIC,,,2000.0,TOYOTA,,,,,,,,,,,,,,
10818145,3014053,2,Driver,,False,,M,AIR BAG NOT DEPLOYED,G,OCCUPANT LAP SHOULDER HARNESS USED,CELL PHONE NOT IN USE,NONE APPARENT,,S,,,B,PROCEEDING STRAIGHT,A,HAD NOT BEEN DRINKING,,,M,MALE,,C,CA,H,HISPANIC,,,2000.0,FORD,,,,,,,,,,,,,,
10818144,3014053,1,Bicyclist,True,False,,,,,,CELL PHONE NOT IN USE,NONE APPARENT,,W,,,B,PROCEEDING STRAIGHT,B,HBD-UNDER INFLUENCE,,,M,MALE,,,,H,HISPANIC,4.0,Bicycle,,,,,,,,,,,,,,,,
10818143,3014052,3,ParkedVehicle,,False,,,,,,,NONE APPARENT,,N,,,O,PARKED,H,NOT APPLICABLE,,,,,,,,,,,,2009.0,BMW,,,,,,,,,,,,,,
10818142,3014052,2,Driver,,False,,M,AIR BAG NOT DEPLOYED,B,OCCUPANT UNKNOWN,,NONE APPARENT,,E,,,B,PROCEEDING STRAIGHT,A,HAD NOT BEEN DRINKING,,,M,MALE,,C,CA,H,HISPANIC,,,2004.0,TOYOTA,,,,,,,,,,,,,,
10818141,3014052,1,Driver,True,False,,L,AIR BAG DEPLOYED,B,OCCUPANT UNKNOWN,,NONE APPARENT,,,,,B,PROCEEDING STRAIGHT,B,HBD-UNDER INFLUENCE,,,M,MALE,,C,CA,W,WHITE,,,2003.0,HONDA,,,,,,,,,,,,,,
10818140,3014051,2,Pedestrian,,False,,,,,,CELL PHONE NOT IN USE,NONE APPARENT,,N,,,R,OTHER,A,HAD NOT BEEN DRINKING,,,M,MALE,,,,,,60.0,Pedestrian,,,,,,,,,,,,,,,,
10818139,3014051,1,Driver,True,False,,M,AIR BAG NOT DEPLOYED,G,OCCUPANT LAP SHOULDER HARNESS USED,CELL PHONE NOT IN USE,NONE APPARENT,,,,,D,MAKING RIGHT TURN,A,HAD NOT BEEN DRINKING,,,M,MALE,,C,CA,W,WHITE,1.0,PassengerCarStationWagonJeep,2016.0,TOYOTA,,,,,,,,,,,,,,
10818138,3014050,2,Driver,,False,,M,AIR BAG NOT DEPLOYED,G,OCCUPANT LAP SHOULDER HARNESS USED,,NONE APPARENT,,N,,,B,PROCEEDING STRAIGHT,G,IMPAIRMENT_NOT_KNOWN,,,M,MALE,,,,H,HISPANIC,,,2010.0,HONDA,,,,,,,,,,,,,,
10818137,3014050,1,Driver,True,False,,L,AIR BAG DEPLOYED,G,OCCUPANT LAP SHOULDER HARNESS USED,CELL PHONE HANDSFREE IN USE,INATTENTION,CELL PHONE HANDSFREE,N,,,B,PROCEEDING STRAIGHT,G,IMPAIRMENT_NOT_KNOWN,,,M,MALE,,C,CA,H,HISPANIC,,,,HONDA,,,,,,,,,,,,,,
10818136,3014049,2,Driver,,False,,L,AIR BAG DEPLOYED,G,OCCUPANT LAP SHOULDER HARNESS USED,CELL PHONE NOT IN USE,NONE APPARENT,,N,,,B,PROCEEDING STRAIGHT,C,HBD-NOT UNDER INFLUENCE,,,M,MALE,,C,CA,H,HISPANIC,,,1999.0,HONDA,,,,,,,,,,,,,,
10818135,3014049,1,Driver,,False,,L,AIR BAG DEPLOYED,G,OCCUPANT LAP SHOULDER HARNESS USED,CELL PHONE NOT IN USE,NONE APPARENT,,W,,,B,PROCEEDING STRAIGHT,C,HBD-NOT UNDER INFLUENCE,,,M,MALE,,C,CA,H,HISPANIC,,,2014.0,MERCEDES-BENZ,,,,,,,,,,,,,,
10818134,3014048,2,Driver,,False,,L,AIR BAG DEPLOYED,G,OCCUPANT LAP SHOULDER HARNESS USED,,NONE APPARENT,,N,,,E,MAKING LEFT TURN,A,HAD NOT BEEN DRINKING,,,F,FEMALE,,C,CA,A,ASIAN,,,2020.0,FORD,,,,,,,,,,,,,,
10818133,3014048,1,Driver,True,False,,M,AIR BAG NOT DEPLOYED,G,OCCUPANT LAP SHOULDER HARNESS USED,,NONE APPARENT,,E,,,B,PROCEEDING STRAIGHT,A,HAD NOT BEEN DRINKING,,,M,MALE,,C,CA,A,ASIAN,,,2011.0,TOYOTA,,,,,,,,,,,,,,
10818132,3014047,2,Driver,,False,,,,,,,,,,,,L,ENTERING TRAFFICD,A,HAD NOT BEEN DRINKING,,,F,FEMALE,,F,MI,,,,,,HOND,,,,,,,,,,,,,,
10818131,3014047,1,Driver,True,False,,P,NOT REQUIRED,,,,INATTENTION,OTHER,,,,B,PROCEEDING STRAIGHT,A,HAD NOT BEEN DRINKING,,,M,MALE,,,,,,,,,,,,,,,,,,,,,,,
10818130,3014046,2,Driver,,False,,M,AIR BAG NOT DEPLOYED,G,OCCUPANT LAP SHOULDER HARNESS USED,,,,,,,E,MAKING LEFT TURN,A,HAD NOT BEEN DRINKING,,,F,FEMALE,,C,CA,W,WHITE,,,2013.0,FORD,,,,,,,,,,,,,,
10818129,3014046,1,Driver,True,False,,M,AIR BAG NOT DEPLOYED,G,OCCUPANT LAP SHOULDER HARNESS USED,,,,N,,,B,PROCEEDING STRAIGHT,A,HAD NOT BEEN DRINKING,,,M,MALE,,C,CA,W,WHITE,,,2018.0,TOY,,,,,,,,,,,,,,
10818128,3014045,3,ParkedVehicle,,False,,,,,,,,,,,,O,PARKED,H,NOT APPLICABLE,,,,,,,,,,,,2013.0,HONDA,,,,,,,,,,,,,,
10818127,3014045,2,ParkedVehicle,,False,,,,,,,,,,,,O,PARKED,A,HAD NOT BEEN DRINKING,,,,,,,,,,,,2019.0,NISSAN,,,,,,,,,,,,,,
10818126,3014045,1,Driver,True,False,,L,AIR BAG DEPLOYED,G,OCCUPANT LAP SHOULDER HARNESS USED,,OTHER,,,,,M,OTHER UNSAFE TURNING,A,HAD NOT BEEN DRINKING,,,F,FEMALE,,C,CA,A,ASIAN,,,2016.0,BMW,,,,,,,,,,,,,,
10818125,3014044,2,Driver,,False,,L,AIR BAG DEPLOYED,C,OCCUPANT LAP BELT USED,,ENTERING OR LEAVING RAMP,,W,,,E,MAKING LEFT TURN,H,NOT APPLICABLE,,,M,MALE,,C,CA,H,HISPANIC,,,2017.0,DODGE,,,,,,,,,,,,,,
10818124,3014044,1,Driver,True,False,,L,AIR BAG DEPLOYED,C,OCCUPANT LAP BELT USED,,,,S,,,B,PROCEEDING STRAIGHT,H,NOT APPLICABLE,,,M,MALE,,C,CA,H,HISPANIC,,,2017.0,BUICK,,,,,,,,,,,,,,
10818123,3014043,2,Pedestrian,,False,,,,,,,NONE APPARENT,,E,,,B,PROCEEDING STRAIGHT,A,HAD NOT BEEN DRINKING,,,M,MALE,,,,W,WHITE,60.0,Pedestrian,,,,,,,,,,,,,,,,
10818122,3014043,1,Driver,,False,,M,AIR BAG NOT DEPLOYED,,,,NONE APPARENT,,S,,,E,MAKING LEFT TURN,A,HAD NOT BEEN DRINKING,,,M,MALE,,C,CA,H,HISPANIC,,,2013.0,TOYOTA,,,,,,,,,,,,,,
10833543,3021687,2,Bicyclist,,False,,,,,,,NONE APPARENT,,E,,,B,PROCEEDING STRAIGHT,A,HAD NOT BEEN DRINKING,,,M,MALE,,,,H,HISPANIC,4.0,Bicycle,,,,,,,,,,,,,,,,
10833542,3021687,1,Driver,True,False,,M,AIR BAG NOT DEPLOYED,,,,NONE APPARENT,,E,,,B,PROCEEDING STRAIGHT,A,HAD NOT BEEN DRINKING,,,F,FEMALE,,C,CA,W,WHITE,,,2015.0,LEXUS,,,,,,,,,,,,,,
10833302,3021569,2,Driver,,False,,L,AIR BAG DEPLOYED,B,OCCUPANT UNKNOWN,,VC SECTION VIOLATED - 22350 / STOP & GO TRAFFIC,,N,,,B,PROCEEDING STRAIGHT,H,NOT APPLICABLE,,,M,MALE,,C,CA,,,1.0,PassengerCarStationWagonJeep,2008.0,HYUNDAI,,,,,,,,,,,,,,
10833301,3021569,1,Driver,True,False,,M,AIR BAG NOT DEPLOYED,B,OCCUPANT UNKNOWN,,STOP & GO TRAFFIC,,E,,,E,MAKING LEFT TURN,H,NOT APPLICABLE,,,M,MALE,,C,CA,W,WHITE,22.0,PickupsAndPanels,2019.0,FORD,,,,,,,,,,,,,,
10833296,3021566,1,Driver,True,False,,L,AIR BAG DEPLOYED,G,OCCUPANT LAP SHOULDER HARNESS USED,,,,S,,,B,PROCEEDING STRAIGHT,H,NOT APPLICABLE,,,M,MALE,,C,CA,,,1.0,PassengerCarStationWagonJeep,2008.0,HONDA,,,,,,,,,,,,,,
10833289,3021561,2,Driver,,False,,M,AIR BAG NOT DEPLOYED,G,OCCUPANT LAP SHOULDER HARNESS USED,,NONE APPARENT,,E,,,B,PROCEEDING STRAIGHT,A,HAD NOT BEEN DRINKING,,,F,FEMALE,,C,CA,H,HISPANIC,22.0,PickupsAndPanels,2003.0,DODGE,,,,,,,,,,,,,,
10833288,3021561,1,Driver,True,False,,B,UNKNOWN,,,,NONE APPARENT,,E,,,J,CHANGING LANES,G,IMPAIRMENT_NOT_KNOWN,,,F,FEMALE,,C,CA,H,HISPANIC,7.0,SportUtilityVehicle,1999.0,NISSAN,,,,,,,,,,,,,,
10833284,3021559,1,Driver,True,False,,M,AIR BAG NOT DEPLOYED,H,OCCUPANT LAP SHOULDER HARNESS NOT USED,CELL PHONE NOT IN USE,VC SECTION VIOLATED - 22350 / NONE APPARENT,,E,,,B,PROCEEDING STRAIGHT,A,HAD NOT BEEN DRINKING,,,M,MALE,,C,CA,H,HISPANIC,1.0,PassengerCarStationWagonJeep,1989.0,FORD,,,,,,,,,,,,,,
10831842,3020828,2,Driver,,False,,L,AIR BAG DEPLOYED,G,OCCUPANT LAP SHOULDER HARNESS USED,,VC SECTION VIOLATED - 12500 A / NONE APPARENT,,E,,,E,MAKING LEFT TURN,G,IMPAIRMENT_NOT_KNOWN,,,M,MALE,,,,H,HISPANIC,1.0,PassengerCarStationWagonJeep,2015.0,TOYOTA,,,,,,,,,,,,,,
10831840,3020828,1,Driver,True,False,,L,AIR BAG DEPLOYED,G,OCCUPANT LAP SHOULDER HARNESS USED,,VC SECTION VIOLATED - 21453 A,,W,,,B,PROCEEDING STRAIGHT,G,IMPAIRMENT_NOT_KNOWN,,,M,MALE,,,,H,HISPANIC,1.0,PassengerCarStationWagonJeep,2018.0,FORD,,,,,,,,,,,,,,
10831837,3020826,2,Driver,,False,,M,AIR BAG NOT DEPLOYED,G,OCCUPANT LAP SHOULDER HARNESS USED,,NONE APPARENT,,N,,,D,MAKING RIGHT TURN,A,HAD NOT BEEN DRINKING,,,M,MALE,,,CA,W,WHITE,22.0,PickupsAndPanels,1999.0,GMC,,,,,,,,,,,,,,
10831836,3020826,1,Driver,True,False,,M,AIR BAG NOT DEPLOYED,G,OCCUPANT LAP SHOULDER HARNESS USED,,NONE APPARENT,,N,,,L,ENTERING TRAFFICD,A,HAD NOT BEEN DRINKING,,,F,FEMALE,,,CA,W,WHITE,1.0,PassengerCarStationWagonJeep,2005.0,MERCEDES-BENZ,,,,,,,,,,,,,,
10831828,3020822,2,Driver,,False,,L,AIR BAG DEPLOYED,W,MOTOR BICYCLE DRIVER WITH HELMET,,,,N,,,E,MAKING LEFT TURN,H,NOT APPLICABLE,,,M,MALE,,,CA,W,WHITE,1.0,PassengerCarStationWagonJeep,2011.0,JEEP,,,,,,,,,,,,,,
10831827,3020822,1,Driver,True,False,,L,AIR BAG DEPLOYED,W,MOTOR BICYCLE DRIVER WITH HELMET,CELL PHONE HANDHELD IN USE,,,S,,,B,PROCEEDING STRAIGHT,H,NOT APPLICABLE,,,F,FEMALE,,,CA,,,8.0,MiniVan,2014.0,HONDA,,,,,,,,,,,,,,
10831820,3020818,2,ParkedVehicle,,False,,,,,,,,,,,,O,PARKED,H,NOT APPLICABLE,,,,,,,,,,,,2005.0,CHEVROLET,,,,,,,,,,,,,,
10831819,3020818,1,Driver,True,False,,M,AIR BAG NOT DEPLOYED,B,OCCUPANT UNKNOWN,,,,E,,,C,RAN OFF ROAD,B,HBD-UNDER INFLUENCE,,,M,MALE,,,CA,W,WHITE,7.0,SportUtilityVehicle,1993.0,FORD,,,,,,,,,,,,,,
10830785,3020319,2,Driver,,False,,M,AIR BAG NOT DEPLOYED,G,OCCUPANT LAP SHOULDER HARNESS USED,,VISION OBSCUREMENT,,W,,,A,STOPPED,A,HAD NOT BEEN DRINKING,,,F,FEMALE,,,CA,H,HISPANIC,,,1998.0,DODGE,,,,,,,,,,,,,,
10830784,3020319,1,Driver,True,False,,L,AIR BAG DEPLOYED,G,OCCUPANT LAP SHOULDER HARNESS USED,,VISION OBSCUREMENT,,W,,,B,PROCEEDING STRAIGHT,A,HAD NOT BEEN DRINKING,,,F,FEMALE,,,CA,A,ASIAN,,,2009.0,TOYOTA,,,,,,,,,,,,,,
10830783,3020318,2,Driver,,False,,M,AIR BAG NOT DEPLOYED,G,OCCUPANT LAP SHOULDER HARNESS USED,HAZARDOUS MATERIAL,NONE APPARENT,,S,,,A,STOPPED,,,,,F,FEMALE,,,CA,H,HISPANIC,1.0,PassengerCarStationWagonJeep,2001.0,ACURA,,,,,,,,,,,,,,
10830782,3020318,1,Driver,True,False,,M,AIR BAG NOT DEPLOYED,G,OCCUPANT LAP SHOULDER HARNESS USED,HAZARDOUS MATERIAL,,,S,,,A,STOPPED,,,,,M,MALE,,,CA,A,ASIAN,1.0,PassengerCarStationWagonJeep,2003.0,ACURA,,,,,,,,,,,,,,
10830781,3020317,2,Driver,,False,,L,AIR BAG DEPLOYED,W,MOTOR BICYCLE DRIVER WITH HELMET,,ENTERING OR LEAVING RAMP,,N,,,E,MAKING LEFT TURN,G,IMPAIRMENT_NOT_KNOWN,,,F,FEMALE,,,CA,H,HISPANIC,,,2006.0,PORSCHE,,,,,,,,,,,,,,
10830780,3020317,1,Driver,True,False,,B,UNKNOWN,W,MOTOR BICYCLE DRIVER WITH HELMET,,VC SECTION VIOLATED - 21453 B,,W,,,B,PROCEEDING STRAIGHT,G,IMPAIRMENT_NOT_KNOWN,,,M,MALE,,,CA,H,HISPANIC,,,1991.0,LINCOLN,,,,,,,,,,,,,,
10830779,3020316,1,Driver,True,False,,M,AIR BAG NOT DEPLOYED,H,OCCUPANT LAP SHOULDER HARNESS NOT USED,CELL PHONE NOT IN USE,NONE APPARENT,,W,,,B,PROCEEDING STRAIGHT,I,SLEEPY/FATIGUED,,,M,MALE,,,CA,H,HISPANIC,8.0,MiniVan,1994.0,GMC,,,,,,,,,,,,,,
10830778,3020315,2,Other,,False,,,,E,OCCUPANT SHOULDER HARNESS USED,,NONE APPARENT,,E,,,E,MAKING LEFT TURN,A,HAD NOT BEEN DRINKING,,,M,MALE,,,,A,ASIAN,,,2007.0,LEXUS,,,,,,,,,,,,,,
10830777,3020315,1,Driver,,False,,B,UNKNOWN,,,,NONE APPARENT,,W,,,B,PROCEEDING STRAIGHT,G,IMPAIRMENT_NOT_KNOWN,,,,,,,,,,,,,,,,,,,,,,,,,,,
10830776,3020314,2,Driver,,False,,P,NOT REQUIRED,,,,NONE APPARENT,,W,,,B,PROCEEDING STRAIGHT,A,HAD NOT BEEN DRINKING,,,M,MALE,,,CA,W,WHITE,,,2020.0,BMW,,,,,,,,,,,,,,
10830775,3020314,1,Driver,True,False,,M,AIR BAG NOT DEPLOYED,G,OCCUPANT LAP SHOULDER HARNESS USED,,NONE APPARENT,,W,,,J,CHANGING LANES,A,HAD NOT BEEN DRINKING,,,F,FEMALE,,,,H,HISPANIC,,,2017.0,CHEVROLET,,,,,,,,,,,,,,
10830774,3020312,2,Driver,,False,,L,AIR BAG DEPLOYED,G,OCCUPANT LAP SHOULDER HARNESS USED,,NONE APPARENT,,E,,,B,PROCEEDING STRAIGHT,H,NOT APPLICABLE,,,F,FEMALE,,,CA,H,HISPANIC,7.0,SportUtilityVehicle,2020.0,BUICK,,,,,,,,,,,,,,
10830773,3020312,1,Driver,True,False,,M,AIR BAG NOT DEPLOYED,G,OCCUPANT LAP SHOULDER HARNESS USED,,NONE APPARENT,,E,,,A,STOPPED,H,NOT APPLICABLE,,,M,MALE,,,CA,H,HISPANIC,8.0,MiniVan,2004.0,HONDA,,,,,,,,,,,,,,
10830772,3020313,2,Pedestrian,,False,,,,,,CELL PHONE NOT IN USE,NONE APPARENT,,S,,,R,OTHER,A,HAD NOT BEEN DRINKING,,,M,MALE,,,,H,HISPANIC,60.0,Pedestrian,,,,,,,,,,,,,,,,
10830771,3020313,1,Driver,True,False,,N,OTHER,B,OCCUPANT UNKNOWN,CELL PHONE NOT IN USE,VC SECTION VIOLATED - 12500 A / NONE APPARENT,,E,,,G,BACKING,A,HAD NOT BEEN DRINKING,,,F,FEMALE,,,,H,HISPANIC,1.0,PassengerCarStationWagonJeep,2007.0,BMW,,,,,,,,,,,,,,
10830770,3020311,2,Driver,,False,,L,AIR BAG DEPLOYED,G,OCCUPANT LAP SHOULDER HARNESS USED,CELL PHONE NOT IN USE,NONE APPARENT,,N,,,B,PROCEEDING STRAIGHT,A,HAD NOT BEEN DRINKING,,,F,FEMALE,,,CA,H,HISPANIC,1.0,PassengerCarStationWagonJeep,2015.0,HYUNDAI,,,,,,,,,,,,,,
10830769,3020311,1,Driver,True,False,,B,UNKNOWN,,,,NONE APPARENT,,W,,,L,ENTERING TRAFFICD,D,HBD-IMPAIRMENT UNKNOWN,,,M,MALE,,,,H,HISPANIC,22.0,PickupsAndPanels,1997.0,TOYOTA,,,,,,,,,,,,,,
10830768,3020310,3,Driver,,False,,M,AIR BAG NOT DEPLOYED,,,,NONE APPARENT,,S,,,B,PROCEEDING STRAIGHT,D,HBD-IMPAIRMENT UNKNOWN,,,M,MALE,,,CA,,,1.0,PassengerCarStationWagonJeep,2010.0,TOYOTA,,,,,,,,,,,,,,
10830767,3020310,2,Driver,,False,,M,AIR BAG NOT DEPLOYED,B,OCCUPANT UNKNOWN,,NONE APPARENT,,S,,,B,PROCEEDING STRAIGHT,D,HBD-IMPAIRMENT UNKNOWN,,,F,FEMALE,,,CA,H,HISPANIC,7.0,SportUtilityVehicle,2011.0,ACURA,,,,,,,,,,,,,,
10830766,3020310,1,Driver,True,False,,B,UNKNOWN,,,,,,S,,,F,MAKING U TURN,D,HBD-IMPAIRMENT UNKNOWN,,,M,MALE,,,CA,H,HISPANIC,1.0,PassengerCarStationWagonJeep,2001.0,HONDA,,,,,,,,,,,,,,
10830765,3020308,2,Driver,,False,,M,AIR BAG NOT DEPLOYED,C,OCCUPANT LAP BELT USED,,NONE APPARENT,,E,,,A,STOPPED,H,NOT APPLICABLE,,,M,MALE,,,CA,,,22.0,PickupsAndPanels,2002.0,FORD,,,,,,,,,,,,,,
10830764,3020308,1,Driver,True,False,,M,AIR BAG NOT DEPLOYED,C,OCCUPANT LAP BELT USED,,NONE APPARENT,,E,,,B,PROCEEDING STRAIGHT,H,NOT APPLICABLE,,,F,FEMALE,,,CA,H,HISPANIC,22.0,PickupsAndPanels,2019.0,CHEVROLET,,,,,,,,,,,,,,
10830763,3020309,2,Driver,,False,,M,AIR BAG NOT DEPLOYED,G,OCCUPANT LAP SHOULDER HARNESS USED,CELL PHONE NOT IN USE,NONE APPARENT,,W,,,B,PROCEEDING STRAIGHT,C,HBD-NOT UNDER INFLUENCE,,,M,MALE,,,,W,WHITE,1.0,PassengerCarStationWagonJeep,2002.0,TOYOTA,,,,,,,,,,,,,,
10830762,3020309,1,Pedestrian,True,False,,,,,,CELL PHONE NOT IN USE,NONE APPARENT,,S,,,A,STOPPED,C,HBD-NOT UNDER INFLUENCE,,,F,FEMALE,,,,B,BLACK,60.0,Pedestrian,,,,,,,,,,,,,,,,
10830761,3020307,2,Bicyclist,,False,,,,,,CELL PHONE NOT IN USE,,,E,,,B,PROCEEDING STRAIGHT,A,HAD NOT BEEN DRINKING,,,M,MALE,,,,W,WHITE,4.0,Bicycle,,,,,,,,,,,,,,,,
10830760,3020307,1,Driver,True,False,,L,AIR BAG DEPLOYED,G,OCCUPANT LAP SHOULDER HARNESS USED,CELL PHONE NOT IN USE,ENTERING OR LEAVING RAMP,,N,,,D,MAKING RIGHT TURN,A,HAD NOT BEEN DRINKING,,,M,MALE,,,CA,A,ASIAN,1.0,PassengerCarStationWagonJeep,2019.0,SUBARU,,,,,,,,,,,,,,
10830759,3020306,2,Driver,,False,,L,AIR BAG DEPLOYED,G,OCCUPANT LAP SHOULDER HARNESS USED,,,,W,,,B,PROCEEDING STRAIGHT,A,HAD NOT BEEN DRINKING,,,F,FEMALE,,,CA,W,WHITE,,,2014.0,NISSAN,,,,,,,,,,,,,,
10830758,3020306,1,Driver,True,False,,B,UNKNOWN,H,OCCUPANT LAP SHOULDER HARNESS NOT USED,,,,S,,,E,MAKING LEFT TURN,B,HBD-UNDER INFLUENCE,,,M,MALE,,,CA,W,WHITE,7.0,SportUtilityVehicle,1999.0,TOYOTA,,,,,,,,,,,,,,
10830757,3020305,2,Pedestrian,,False,,,,,,,NONE APPARENT,,N,,,R,OTHER,A,HAD NOT BEEN DRINKING,,,M,MALE,,,,W,WHITE,60.0,Pedestrian,,,,,,,,,,,,,,,,
10830756,3020305,1,Driver,True,False,,,,,,,VC SECTION VIOLATED - 20001 A / INATTENTION,OTHER,W,,,B,PROCEEDING STRAIGHT,G,IMPAIRMENT_NOT_KNOWN,,,,,,,,,,99.0,OtherUnknownHitAndRunDriver,,,,,,,,,,,,,,,,
10830755,3020304,1,Driver,True,False,,L,AIR BAG DEPLOYED,G,OCCUPANT LAP SHOULDER HARNESS USED,CELL PHONE NOT IN USE,ENTERING OR LEAVING RAMP,,N,,,C,RAN OFF ROAD,A,HAD NOT BEEN DRINKING,,,M,MALE,,,CA,H,HISPANIC,1.0,PassengerCarStationWagonJeep,2006.0,INFINITI,,,,,,,,,,,,,,
10830754,3020303,2,Driver,,False,,M,AIR BAG NOT DEPLOYED,G,OCCUPANT LAP SHOULDER HARNESS USED,CELL PHONE NOT IN USE,NONE APPARENT,,S,,,I,PASSING OTHER VEHICLE,A,HAD NOT BEEN DRINKING,,,F,FEMALE,,,CA,B,BLACK,1.0,PassengerCarStationWagonJeep,2010.0,NISSAN,,,,,,,,,,,,,,
10830753,3020303,1,Driver,True,False,,P,NOT REQUIRED,,,CELL PHONE NOT IN USE,NONE APPARENT,,S,,,E,MAKING LEFT TURN,A,HAD NOT BEEN DRINKING,,,M,MALE,,,CA,W,WHITE,2.0,Motorcycle,1946.0,HARLEY-DAVIDSON,,,,,,,,,,,,,,
10830752,3020302,3,Driver,,False,,L,AIR BAG DEPLOYED,G,OCCUPANT LAP SHOULDER HARNESS USED,,NONE APPARENT,,W,,,A,STOPPED,H,NOT APPLICABLE,,,M,MALE,,,CA,H,HISPANIC,22.0,PickupsAndPanels,1997.0,TOYOTA,,,,,,,,,,,,,,
10830751,3020302,2,Driver,,False,,M,AIR BAG NOT DEPLOYED,G,OCCUPANT LAP SHOULDER HARNESS USED,,NONE APPARENT,,W,,,A,STOPPED,H,NOT APPLICABLE,,,U,UNKNOWN,,,CA,W,WHITE,1.0,PassengerCarStationWagonJeep,1999.0,FORD,,,,,,,,,,,,,,